sitemap_url,final_http_status,final_url,error
https://www.nitaqacademy.com/,200,https://www.nitaqacademy.com/,
https://www.nitaqacademy.com/about,200,https://www.nitaqacademy.com/about,
https://www.nitaqacademy.com/contact,200,https://www.nitaqacademy.com/contact,
https://www.nitaqacademy.com/courses,200,https://www.nitaqacademy.com/courses,
https://www.nitaqacademy.com/articles,200,https://www.nitaqacademy.com/articles,
https://www.nitaqacademy.com/test-preparations,200,https://www.nitaqacademy.com/test-preparations,
https://www.nitaqacademy.com/language-trainings,200,https://www.nitaqacademy.com/language-trainings,
https://www.nitaqacademy.com/professional-certifications,200,https://www.nitaqacademy.com/professional-certifications,
https://www.nitaqacademy.com/corporate-trainings,200,https://www.nitaqacademy.com/corporate-trainings,
https://www.nitaqacademy.com/finance-courses,200,https://www.nitaqacademy.com/finance-courses,
https://www.nitaqacademy.com/sat-preparation-sharjah,200,https://www.nitaqacademy.com/sat-preparation-sharjah,
https://www.nitaqacademy.com/sat-preparation-dubai,200,https://www.nitaqacademy.com/sat-preparation-dubai,
https://www.nitaqacademy.com/ielts-course,200,https://www.nitaqacademy.com/ielts-course,
https://www.nitaqacademy.com/ielts-coaching-dubai,200,https://www.nitaqacademy.com/ielts-coaching-dubai,
https://www.nitaqacademy.com/gre-preparation,200,https://www.nitaqacademy.com/gre-preparation,
https://www.nitaqacademy.com/gmat-preparation,200,https://www.nitaqacademy.com/gmat-preparation,
https://www.nitaqacademy.com/toefl-course,200,https://www.nitaqacademy.com/toefl-course,
https://www.nitaqacademy.com/pte-course,200,https://www.nitaqacademy.com/pte-course,
https://www.nitaqacademy.com/acca-course,200,https://www.nitaqacademy.com/acca-course,
https://www.nitaqacademy.com/cma-course,200,https://www.nitaqacademy.com/cma-course,
https://www.nitaqacademy.com/cpa-course,200,https://www.nitaqacademy.com/cpa-course,
https://www.nitaqacademy.com/uae-vat,200,https://www.nitaqacademy.com/uae-vat,
https://www.nitaqacademy.com/uae-corporate-tax,200,https://www.nitaqacademy.com/uae-corporate-tax,
https://www.nitaqacademy.com/ai-course,200,https://www.nitaqacademy.com/ai-course,
https://www.nitaqacademy.com/power-bi-excel,200,https://www.nitaqacademy.com/power-bi-excel,
https://www.nitaqacademy.com/chrm,200,https://www.nitaqacademy.com/chrm,
https://www.nitaqacademy.com/hrm-courses,200,https://www.nitaqacademy.com/hrm-courses,
https://www.nitaqacademy.com/sales-negotiations,200,https://www.nitaqacademy.com/sales-negotiations,
https://www.nitaqacademy.com/professional-marketing-course,200,https://www.nitaqacademy.com/professional-marketing-course,
https://www.nitaqacademy.com/courses/professional-digital-marketing-course-sharjah-uae,200,https://www.nitaqacademy.com/courses/professional-digital-marketing-course-sharjah-uae,
https://www.nitaqacademy.com/software-engineering-diploma-sharjah,200,https://www.nitaqacademy.com/software-engineering-diploma-sharjah,
https://www.nitaqacademy.com/cybersecurity-course-sharjah,200,https://www.nitaqacademy.com/cybersecurity-course-sharjah,
https://www.nitaqacademy.com/cpcd-courses,200,https://www.nitaqacademy.com/cpcd-courses,
https://www.nitaqacademy.com/data-management,200,https://www.nitaqacademy.com/data-management,
https://www.nitaqacademy.com/soft-skills-training,200,https://www.nitaqacademy.com/soft-skills-training,
https://www.nitaqacademy.com/spoken-english,200,https://www.nitaqacademy.com/spoken-english,
https://www.nitaqacademy.com/spoken-arabic,200,https://www.nitaqacademy.com/spoken-arabic,
https://www.nitaqacademy.com/french,200,https://www.nitaqacademy.com/french,
https://www.nitaqacademy.com/german,200,https://www.nitaqacademy.com/german,
https://www.nitaqacademy.com/spanish,200,https://www.nitaqacademy.com/spanish,
https://www.nitaqacademy.com/academic-excellence,200,https://www.nitaqacademy.com/academic-excellence,
https://www.nitaqacademy.com/maths-tuition-sharjah,200,https://www.nitaqacademy.com/maths-tuition-sharjah,
https://www.nitaqacademy.com/science-tuition-sharjah,200,https://www.nitaqacademy.com/science-tuition-sharjah,
https://www.nitaqacademy.com/physics-tuition-sharjah,200,https://www.nitaqacademy.com/physics-tuition-sharjah,
https://www.nitaqacademy.com/chemistry-tuition-sharjah,200,https://www.nitaqacademy.com/chemistry-tuition-sharjah,
https://www.nitaqacademy.com/biology-tuition-sharjah,200,https://www.nitaqacademy.com/biology-tuition-sharjah,
https://www.nitaqacademy.com/business-studies-tuition-sharjah,200,https://www.nitaqacademy.com/business-studies-tuition-sharjah,
https://www.nitaqacademy.com/accountancy-tuition-sharjah,200,https://www.nitaqacademy.com/accountancy-tuition-sharjah,
https://www.nitaqacademy.com/economics-tuition-sharjah,200,https://www.nitaqacademy.com/economics-tuition-sharjah,
https://www.nitaqacademy.com/english-tuition-sharjah,200,https://www.nitaqacademy.com/english-tuition-sharjah,
https://www.nitaqacademy.com/social-science-tuition-sharjah,200,https://www.nitaqacademy.com/social-science-tuition-sharjah,
https://www.nitaqacademy.com/foundation-jee-neet,200,https://www.nitaqacademy.com/foundation-jee-neet,
https://www.nitaqacademy.com/ai-robotics-kids,200,https://www.nitaqacademy.com/ai-robotics-kids,
https://www.nitaqacademy.com/article/sat-coaching-sharjah,200,https://www.nitaqacademy.com/article/sat-coaching-sharjah,
https://www.nitaqacademy.com/article/sat-score-1300-guide,200,https://www.nitaqacademy.com/article/sat-score-1300-guide,
https://www.nitaqacademy.com/article/sat-vs-ielts-guide,200,https://www.nitaqacademy.com/article/sat-vs-ielts-guide,
https://www.nitaqacademy.com/article/common-sat-mistakes,200,https://www.nitaqacademy.com/article/common-sat-mistakes,
https://www.nitaqacademy.com/article/ielts-dubai-guide,200,https://www.nitaqacademy.com/article/ielts-dubai-guide,
https://www.nitaqacademy.com/article/improve-ielts-band-score,200,https://www.nitaqacademy.com/article/improve-ielts-band-score,
https://www.nitaqacademy.com/article/professional-courses-sharjah-growth,200,https://www.nitaqacademy.com/article/professional-courses-sharjah-growth,
https://www.nitaqacademy.com/article/acca-coaching-uae-benefits,200,https://www.nitaqacademy.com/article/acca-coaching-uae-benefits,
https://www.nitaqacademy.com/article/ai-courses-sharjah-essential,200,https://www.nitaqacademy.com/article/ai-courses-sharjah-essential,
https://www.nitaqacademy.com/article/best-training-institute-sharjah,200,https://www.nitaqacademy.com/article/best-training-institute-sharjah,
https://www.nitaqacademy.com/article/choose-right-course-uae,200,https://www.nitaqacademy.com/article/choose-right-course-uae,
https://www.nitaqacademy.com/article/top-skills-uae-2026,200,https://www.nitaqacademy.com/article/top-skills-uae-2026,
https://www.nitaqacademy.com/article/best-ai-courses-dubai,200,https://www.nitaqacademy.com/article/best-ai-courses-dubai,
https://www.nitaqacademy.com/article/why-not-getting-hired-uae,200,https://www.nitaqacademy.com/article/why-not-getting-hired-uae,
https://www.nitaqacademy.com/article/best-professional-certifications-uae,200,https://www.nitaqacademy.com/article/best-professional-certifications-uae,
https://www.nitaqacademy.com/article/digital-marketing-salary-increase-uae,200,https://www.nitaqacademy.com/article/digital-marketing-salary-increase-uae,
https://www.nitaqacademy.com/article/ai-skills-every-student-needs,200,https://www.nitaqacademy.com/article/ai-skills-every-student-needs,
https://www.nitaqacademy.com/article/improve-english-better-jobs,200,https://www.nitaqacademy.com/article/improve-english-better-jobs,
https://www.nitaqacademy.com/article/digital-marketing-seo-guide-uae,200,https://www.nitaqacademy.com/article/digital-marketing-seo-guide-uae,
https://www.nitaqacademy.com/article/best-digital-marketing-course-uae,200,https://www.nitaqacademy.com/article/best-digital-marketing-course-uae,
https://www.nitaqacademy.com/article/professional-digital-marketing-course-overview,200,https://www.nitaqacademy.com/article/professional-digital-marketing-course-overview,
https://www.nitaqacademy.com/article/how-to-choose-best-digital-marketing-institute-sharjah-dubai-uae,200,https://www.nitaqacademy.com/article/how-to-choose-best-digital-marketing-institute-sharjah-dubai-uae,
https://www.nitaqacademy.com/article/why-hiring-digital-marketing-agency-transform-business,200,https://www.nitaqacademy.com/article/why-hiring-digital-marketing-agency-transform-business,
https://www.nitaqacademy.com/article/complete-guide-best-tuition-classes-dubai-sharjah-uae,200,https://www.nitaqacademy.com/article/complete-guide-best-tuition-classes-dubai-sharjah-uae,
https://www.nitaqacademy.com/article/academic-excellence-tuition-dubai-sharjah-uae,200,https://www.nitaqacademy.com/article/academic-excellence-tuition-dubai-sharjah-uae,
https://www.nitaqacademy.com/article/best-tuition-classes-sharjah-dubai-guide,200,https://www.nitaqacademy.com/article/best-tuition-classes-sharjah-dubai-guide,
https://www.nitaqacademy.com/article/comprehensive-subject-tuition-guide-sharjah-dubai-uae,200,https://www.nitaqacademy.com/article/comprehensive-subject-tuition-guide-sharjah-dubai-uae,
https://www.nitaqacademy.com/article/digital-sat-preparation-guide-sharjah-dubai-uae,200,https://www.nitaqacademy.com/article/digital-sat-preparation-guide-sharjah-dubai-uae,
https://www.nitaqacademy.com/article/best-tuition-classes-near-me-sharjah,200,https://www.nitaqacademy.com/article/best-tuition-classes-near-me-sharjah,
https://www.nitaqacademy.com/article/free-digital-sat-diagnostic-assessment-guide,200,https://www.nitaqacademy.com/article/free-digital-sat-diagnostic-assessment-guide,
https://www.nitaqacademy.com/terms-and-conditions,200,https://www.nitaqacademy.com/terms-and-conditions,
https://www.nitaqacademy.com/privacy-policy,200,https://www.nitaqacademy.com/privacy-policy,
https://www.nitaqacademy.com/webinar/ai,200,https://www.nitaqacademy.com/webinar/ai,
https://www.nitaqacademy.com/webinar/counselors,200,https://www.nitaqacademy.com/webinar/counselors,
https://www.nitaqacademy.com/sat/diagnostic,200,https://www.nitaqacademy.com/sat/diagnostic,
https://www.nitaqacademy.com/sat/results,200,https://www.nitaqacademy.com/sat/results,
https://www.nitaqacademy.com/ar,200,https://www.nitaqacademy.com/ar,
https://www.nitaqacademy.com/ar/about,200,https://www.nitaqacademy.com/ar/about,
https://www.nitaqacademy.com/ar/contact,200,https://www.nitaqacademy.com/ar/contact,
https://www.nitaqacademy.com/ar/courses,200,https://www.nitaqacademy.com/ar/courses,
https://www.nitaqacademy.com/ar/articles,200,https://www.nitaqacademy.com/ar/articles,
https://www.nitaqacademy.com/ar/test-preparations,200,https://www.nitaqacademy.com/ar/test-preparations,
https://www.nitaqacademy.com/ar/language-trainings,200,https://www.nitaqacademy.com/ar/language-trainings,
https://www.nitaqacademy.com/ar/professional-certifications,200,https://www.nitaqacademy.com/ar/professional-certifications,
https://www.nitaqacademy.com/ar/corporate-trainings,200,https://www.nitaqacademy.com/ar/corporate-trainings,
https://www.nitaqacademy.com/ar/finance-courses,200,https://www.nitaqacademy.com/ar/finance-courses,
https://www.nitaqacademy.com/ar/sat-preparation-sharjah,200,https://www.nitaqacademy.com/ar/sat-preparation-sharjah,
https://www.nitaqacademy.com/ar/sat-preparation-dubai,200,https://www.nitaqacademy.com/ar/sat-preparation-dubai,
https://www.nitaqacademy.com/ar/ielts-course,200,https://www.nitaqacademy.com/ar/ielts-course,
https://www.nitaqacademy.com/ar/ielts-coaching-dubai,200,https://www.nitaqacademy.com/ar/ielts-coaching-dubai,
https://www.nitaqacademy.com/ar/gre-preparation,200,https://www.nitaqacademy.com/ar/gre-preparation,
https://www.nitaqacademy.com/ar/gmat-preparation,200,https://www.nitaqacademy.com/ar/gmat-preparation,
https://www.nitaqacademy.com/ar/toefl-course,200,https://www.nitaqacademy.com/ar/toefl-course,
https://www.nitaqacademy.com/ar/pte-course,200,https://www.nitaqacademy.com/ar/pte-course,
https://www.nitaqacademy.com/ar/acca-course,200,https://www.nitaqacademy.com/ar/acca-course,
https://www.nitaqacademy.com/ar/cma-course,200,https://www.nitaqacademy.com/ar/cma-course,
https://www.nitaqacademy.com/ar/cpa-course,200,https://www.nitaqacademy.com/ar/cpa-course,
https://www.nitaqacademy.com/ar/uae-vat,200,https://www.nitaqacademy.com/ar/uae-vat,
https://www.nitaqacademy.com/ar/uae-corporate-tax,200,https://www.nitaqacademy.com/ar/uae-corporate-tax,
https://www.nitaqacademy.com/ar/ai-course,200,https://www.nitaqacademy.com/ar/ai-course,
https://www.nitaqacademy.com/ar/power-bi-excel,200,https://www.nitaqacademy.com/ar/power-bi-excel,
https://www.nitaqacademy.com/ar/chrm,200,https://www.nitaqacademy.com/ar/chrm,
https://www.nitaqacademy.com/ar/hrm-courses,200,https://www.nitaqacademy.com/ar/hrm-courses,
https://www.nitaqacademy.com/ar/sales-negotiations,200,https://www.nitaqacademy.com/ar/sales-negotiations,
https://www.nitaqacademy.com/ar/professional-marketing-course,200,https://www.nitaqacademy.com/ar/professional-marketing-course,
https://www.nitaqacademy.com/ar/courses/professional-digital-marketing-course-sharjah-uae,200,https://www.nitaqacademy.com/ar/courses/professional-digital-marketing-course-sharjah-uae,
https://www.nitaqacademy.com/ar/software-engineering-diploma-sharjah,200,https://www.nitaqacademy.com/ar/software-engineering-diploma-sharjah,
https://www.nitaqacademy.com/ar/cybersecurity-course-sharjah,200,https://www.nitaqacademy.com/ar/cybersecurity-course-sharjah,
https://www.nitaqacademy.com/ar/cpcd-courses,200,https://www.nitaqacademy.com/ar/cpcd-courses,
https://www.nitaqacademy.com/ar/data-management,200,https://www.nitaqacademy.com/ar/data-management,
https://www.nitaqacademy.com/ar/soft-skills-training,200,https://www.nitaqacademy.com/ar/soft-skills-training,
https://www.nitaqacademy.com/ar/spoken-english,200,https://www.nitaqacademy.com/ar/spoken-english,
https://www.nitaqacademy.com/ar/spoken-arabic,200,https://www.nitaqacademy.com/ar/spoken-arabic,
https://www.nitaqacademy.com/ar/french,200,https://www.nitaqacademy.com/ar/french,
https://www.nitaqacademy.com/ar/german,200,https://www.nitaqacademy.com/ar/german,
https://www.nitaqacademy.com/ar/spanish,200,https://www.nitaqacademy.com/ar/spanish,
https://www.nitaqacademy.com/ar/academic-excellence,200,https://www.nitaqacademy.com/ar/academic-excellence,
https://www.nitaqacademy.com/ar/maths-tuition-sharjah,200,https://www.nitaqacademy.com/ar/maths-tuition-sharjah,
https://www.nitaqacademy.com/ar/science-tuition-sharjah,200,https://www.nitaqacademy.com/ar/science-tuition-sharjah,
https://www.nitaqacademy.com/ar/physics-tuition-sharjah,200,https://www.nitaqacademy.com/ar/physics-tuition-sharjah,
https://www.nitaqacademy.com/ar/chemistry-tuition-sharjah,200,https://www.nitaqacademy.com/ar/chemistry-tuition-sharjah,
https://www.nitaqacademy.com/ar/biology-tuition-sharjah,200,https://www.nitaqacademy.com/ar/biology-tuition-sharjah,
https://www.nitaqacademy.com/ar/business-studies-tuition-sharjah,200,https://www.nitaqacademy.com/ar/business-studies-tuition-sharjah,
https://www.nitaqacademy.com/ar/accountancy-tuition-sharjah,200,https://www.nitaqacademy.com/ar/accountancy-tuition-sharjah,
https://www.nitaqacademy.com/ar/economics-tuition-sharjah,200,https://www.nitaqacademy.com/ar/economics-tuition-sharjah,
https://www.nitaqacademy.com/ar/english-tuition-sharjah,200,https://www.nitaqacademy.com/ar/english-tuition-sharjah,
https://www.nitaqacademy.com/ar/social-science-tuition-sharjah,200,https://www.nitaqacademy.com/ar/social-science-tuition-sharjah,
https://www.nitaqacademy.com/ar/foundation-jee-neet,200,https://www.nitaqacademy.com/ar/foundation-jee-neet,
https://www.nitaqacademy.com/ar/ai-robotics-kids,200,https://www.nitaqacademy.com/ar/ai-robotics-kids,
https://www.nitaqacademy.com/ar/article/sat-coaching-sharjah,200,https://www.nitaqacademy.com/ar/article/sat-coaching-sharjah,
https://www.nitaqacademy.com/ar/article/sat-score-1300-guide,200,https://www.nitaqacademy.com/ar/article/sat-score-1300-guide,
https://www.nitaqacademy.com/ar/article/sat-vs-ielts-guide,200,https://www.nitaqacademy.com/ar/article/sat-vs-ielts-guide,
https://www.nitaqacademy.com/ar/article/common-sat-mistakes,200,https://www.nitaqacademy.com/ar/article/common-sat-mistakes,
https://www.nitaqacademy.com/ar/article/ielts-dubai-guide,200,https://www.nitaqacademy.com/ar/article/ielts-dubai-guide,
https://www.nitaqacademy.com/ar/article/improve-ielts-band-score,200,https://www.nitaqacademy.com/ar/article/improve-ielts-band-score,
https://www.nitaqacademy.com/ar/article/professional-courses-sharjah-growth,200,https://www.nitaqacademy.com/ar/article/professional-courses-sharjah-growth,
https://www.nitaqacademy.com/ar/article/acca-coaching-uae-benefits,200,https://www.nitaqacademy.com/ar/article/acca-coaching-uae-benefits,
https://www.nitaqacademy.com/ar/article/ai-courses-sharjah-essential,200,https://www.nitaqacademy.com/ar/article/ai-courses-sharjah-essential,
https://www.nitaqacademy.com/ar/article/best-training-institute-sharjah,200,https://www.nitaqacademy.com/ar/article/best-training-institute-sharjah,
https://www.nitaqacademy.com/ar/article/choose-right-course-uae,200,https://www.nitaqacademy.com/ar/article/choose-right-course-uae,
https://www.nitaqacademy.com/ar/article/top-skills-uae-2026,200,https://www.nitaqacademy.com/ar/article/top-skills-uae-2026,
https://www.nitaqacademy.com/ar/article/best-ai-courses-dubai,200,https://www.nitaqacademy.com/ar/article/best-ai-courses-dubai,
https://www.nitaqacademy.com/ar/article/why-not-getting-hired-uae,200,https://www.nitaqacademy.com/ar/article/why-not-getting-hired-uae,
https://www.nitaqacademy.com/ar/article/best-professional-certifications-uae,200,https://www.nitaqacademy.com/ar/article/best-professional-certifications-uae,
https://www.nitaqacademy.com/ar/article/digital-marketing-salary-increase-uae,200,https://www.nitaqacademy.com/ar/article/digital-marketing-salary-increase-uae,
https://www.nitaqacademy.com/ar/article/ai-skills-every-student-needs,200,https://www.nitaqacademy.com/ar/article/ai-skills-every-student-needs,
https://www.nitaqacademy.com/ar/article/improve-english-better-jobs,200,https://www.nitaqacademy.com/ar/article/improve-english-better-jobs,
https://www.nitaqacademy.com/ar/article/digital-marketing-seo-guide-uae,200,https://www.nitaqacademy.com/ar/article/digital-marketing-seo-guide-uae,
https://www.nitaqacademy.com/ar/article/best-digital-marketing-course-uae,200,https://www.nitaqacademy.com/ar/article/best-digital-marketing-course-uae,
https://www.nitaqacademy.com/ar/article/professional-digital-marketing-course-overview,200,https://www.nitaqacademy.com/ar/article/professional-digital-marketing-course-overview,
https://www.nitaqacademy.com/ar/article/how-to-choose-best-digital-marketing-institute-sharjah-dubai-uae,200,https://www.nitaqacademy.com/ar/article/how-to-choose-best-digital-marketing-institute-sharjah-dubai-uae,
https://www.nitaqacademy.com/ar/article/why-hiring-digital-marketing-agency-transform-business,200,https://www.nitaqacademy.com/ar/article/why-hiring-digital-marketing-agency-transform-business,
https://www.nitaqacademy.com/ar/article/complete-guide-best-tuition-classes-dubai-sharjah-uae,200,https://www.nitaqacademy.com/ar/article/complete-guide-best-tuition-classes-dubai-sharjah-uae,
https://www.nitaqacademy.com/ar/article/academic-excellence-tuition-dubai-sharjah-uae,200,https://www.nitaqacademy.com/ar/article/academic-excellence-tuition-dubai-sharjah-uae,
https://www.nitaqacademy.com/ar/article/best-tuition-classes-sharjah-dubai-guide,200,https://www.nitaqacademy.com/ar/article/best-tuition-classes-sharjah-dubai-guide,
https://www.nitaqacademy.com/ar/article/comprehensive-subject-tuition-guide-sharjah-dubai-uae,200,https://www.nitaqacademy.com/ar/article/comprehensive-subject-tuition-guide-sharjah-dubai-uae,
https://www.nitaqacademy.com/ar/article/digital-sat-preparation-guide-sharjah-dubai-uae,200,https://www.nitaqacademy.com/ar/article/digital-sat-preparation-guide-sharjah-dubai-uae,
https://www.nitaqacademy.com/ar/article/best-tuition-classes-near-me-sharjah,200,https://www.nitaqacademy.com/ar/article/best-tuition-classes-near-me-sharjah,
https://www.nitaqacademy.com/ar/article/free-digital-sat-diagnostic-assessment-guide,200,https://www.nitaqacademy.com/ar/article/free-digital-sat-diagnostic-assessment-guide,
https://www.nitaqacademy.com/ar/terms-and-conditions,200,https://www.nitaqacademy.com/ar/terms-and-conditions,
https://www.nitaqacademy.com/ar/privacy-policy,200,https://www.nitaqacademy.com/ar/privacy-policy,
https://www.nitaqacademy.com/ar/webinar/ai,200,https://www.nitaqacademy.com/ar/webinar/ai,
https://www.nitaqacademy.com/ar/webinar/counselors,200,https://www.nitaqacademy.com/ar/webinar/counselors,
https://www.nitaqacademy.com/ar/sat/diagnostic,200,https://www.nitaqacademy.com/ar/sat/diagnostic,
https://www.nitaqacademy.com/ar/sat/results,200,https://www.nitaqacademy.com/ar/sat/results,
