"url","live_sitemap_2026_10_03","local_sitemap_2026_10_04","change","reason"
"https://www.nitaqacademy.com/","yes","yes","retained","Retained canonical public route"
"https://www.nitaqacademy.com/about","yes","yes","retained","Retained canonical public route"
"https://www.nitaqacademy.com/academic-excellence","yes","yes","retained","Retained canonical public route"
"https://www.nitaqacademy.com/acca-course","yes","yes","retained","Retained canonical public route"
"https://www.nitaqacademy.com/accountancy-tuition-sharjah","yes","yes","retained","Retained canonical public route"
"https://www.nitaqacademy.com/ai-course","yes","yes","retained","Retained canonical public route"
"https://www.nitaqacademy.com/ai-robotics-kids","yes","yes","retained","Retained canonical public route"
"https://www.nitaqacademy.com/ar","yes","yes","retained","Retained canonical public route"
"https://www.nitaqacademy.com/ar/about","yes","no","removed","Arabic body is not translated; noindex until reviewed"
"https://www.nitaqacademy.com/ar/academic-excellence","yes","no","removed","Arabic body is not translated; noindex until reviewed"
"https://www.nitaqacademy.com/ar/acca-course","yes","no","removed","Arabic body is not translated; noindex until reviewed"
"https://www.nitaqacademy.com/ar/accountancy-tuition-sharjah","yes","no","removed","Arabic body is not translated; noindex until reviewed"
"https://www.nitaqacademy.com/ar/ai-course","yes","no","removed","Arabic body is not translated; noindex until reviewed"
"https://www.nitaqacademy.com/ar/ai-robotics-kids","yes","no","removed","Arabic body is not translated; noindex until reviewed"
"https://www.nitaqacademy.com/ar/article/academic-excellence-tuition-dubai-sharjah-uae","yes","no","removed","Arabic body is not translated; noindex until reviewed"
"https://www.nitaqacademy.com/ar/article/acca-coaching-uae-benefits","yes","no","removed","Arabic body is not translated; noindex until reviewed"
"https://www.nitaqacademy.com/ar/article/ai-courses-sharjah-essential","yes","no","removed","Arabic body is not translated; noindex until reviewed"
"https://www.nitaqacademy.com/ar/article/ai-skills-every-student-needs","yes","no","removed","Arabic body is not translated; noindex until reviewed"
"https://www.nitaqacademy.com/ar/article/best-ai-courses-dubai","yes","no","removed","Arabic body is not translated; noindex until reviewed"
"https://www.nitaqacademy.com/ar/article/best-digital-marketing-course-uae","yes","no","removed","Arabic body is not translated; noindex until reviewed"
"https://www.nitaqacademy.com/ar/article/best-professional-certifications-uae","yes","no","removed","Arabic body is not translated; noindex until reviewed"
"https://www.nitaqacademy.com/ar/article/best-training-institute-sharjah","yes","no","removed","Arabic body is not translated; noindex until reviewed"
"https://www.nitaqacademy.com/ar/article/best-tuition-classes-near-me-sharjah","yes","no","removed","Arabic body is not translated; noindex until reviewed"
"https://www.nitaqacademy.com/ar/article/best-tuition-classes-sharjah-dubai-guide","yes","no","removed","Arabic body is not translated; noindex until reviewed"
"https://www.nitaqacademy.com/ar/article/choose-right-course-uae","yes","no","removed","Arabic body is not translated; noindex until reviewed"
"https://www.nitaqacademy.com/ar/article/common-sat-mistakes","yes","no","removed","Arabic body is not translated; noindex until reviewed"
"https://www.nitaqacademy.com/ar/article/complete-guide-best-tuition-classes-dubai-sharjah-uae","yes","no","removed","Arabic body is not translated; noindex until reviewed"
"https://www.nitaqacademy.com/ar/article/comprehensive-subject-tuition-guide-sharjah-dubai-uae","yes","no","removed","Arabic body is not translated; noindex until reviewed"
"https://www.nitaqacademy.com/ar/article/digital-marketing-salary-increase-uae","yes","no","removed","Arabic body is not translated; noindex until reviewed"
"https://www.nitaqacademy.com/ar/article/digital-marketing-seo-guide-uae","yes","no","removed","Arabic body is not translated; noindex until reviewed"
"https://www.nitaqacademy.com/ar/article/digital-sat-preparation-guide-sharjah-dubai-uae","yes","no","removed","Arabic body is not translated; noindex until reviewed"
"https://www.nitaqacademy.com/ar/article/free-digital-sat-diagnostic-assessment-guide","yes","no","removed","Arabic body is not translated; noindex until reviewed"
"https://www.nitaqacademy.com/ar/article/how-to-choose-best-digital-marketing-institute-sharjah-dubai-uae","yes","no","removed","Arabic body is not translated; noindex until reviewed"
"https://www.nitaqacademy.com/ar/article/ielts-dubai-guide","yes","no","removed","Arabic body is not translated; noindex until reviewed"
"https://www.nitaqacademy.com/ar/article/improve-english-better-jobs","yes","no","removed","Arabic body is not translated; noindex until reviewed"
"https://www.nitaqacademy.com/ar/article/improve-ielts-band-score","yes","no","removed","Arabic body is not translated; noindex until reviewed"
"https://www.nitaqacademy.com/ar/article/professional-courses-sharjah-growth","yes","no","removed","Arabic body is not translated; noindex until reviewed"
"https://www.nitaqacademy.com/ar/article/professional-digital-marketing-course-overview","yes","no","removed","Arabic body is not translated; noindex until reviewed"
"https://www.nitaqacademy.com/ar/article/sat-coaching-sharjah","yes","no","removed","Arabic body is not translated; noindex until reviewed"
"https://www.nitaqacademy.com/ar/article/sat-score-1300-guide","yes","no","removed","Arabic body is not translated; noindex until reviewed"
"https://www.nitaqacademy.com/ar/article/sat-vs-ielts-guide","yes","no","removed","Arabic body is not translated; noindex until reviewed"
"https://www.nitaqacademy.com/ar/article/top-skills-uae-2026","yes","no","removed","Arabic body is not translated; noindex until reviewed"
"https://www.nitaqacademy.com/ar/article/why-hiring-digital-marketing-agency-transform-business","yes","no","removed","Arabic body is not translated; noindex until reviewed"
"https://www.nitaqacademy.com/ar/article/why-not-getting-hired-uae","yes","no","removed","Arabic body is not translated; noindex until reviewed"
"https://www.nitaqacademy.com/ar/articles","yes","no","removed","Arabic body is not translated; noindex until reviewed"
"https://www.nitaqacademy.com/ar/biology-tuition-sharjah","yes","no","removed","Arabic body is not translated; noindex until reviewed"
"https://www.nitaqacademy.com/ar/business-studies-tuition-sharjah","yes","no","removed","Arabic body is not translated; noindex until reviewed"
"https://www.nitaqacademy.com/ar/chemistry-tuition-sharjah","yes","no","removed","Arabic body is not translated; noindex until reviewed"
"https://www.nitaqacademy.com/ar/chrm","yes","no","removed","Arabic body is not translated; noindex until reviewed"
"https://www.nitaqacademy.com/ar/cma-course","yes","no","removed","Arabic body is not translated; noindex until reviewed"
"https://www.nitaqacademy.com/ar/contact","yes","no","removed","Arabic body is not translated; noindex until reviewed"
"https://www.nitaqacademy.com/ar/corporate-trainings","yes","no","removed","Arabic body is not translated; noindex until reviewed"
"https://www.nitaqacademy.com/ar/courses","yes","no","removed","Arabic body is not translated; noindex until reviewed"
"https://www.nitaqacademy.com/ar/courses/professional-digital-marketing-course-sharjah-uae","yes","no","removed","Arabic body is not translated; noindex until reviewed"
"https://www.nitaqacademy.com/ar/cpa-course","yes","no","removed","Arabic body is not translated; noindex until reviewed"
"https://www.nitaqacademy.com/ar/cpcd-courses","yes","no","removed","Arabic body is not translated; noindex until reviewed"
"https://www.nitaqacademy.com/ar/cybersecurity-course-sharjah","yes","no","removed","Arabic body is not translated; noindex until reviewed"
"https://www.nitaqacademy.com/ar/data-management","yes","no","removed","Arabic body is not translated; noindex until reviewed"
"https://www.nitaqacademy.com/ar/economics-tuition-sharjah","yes","no","removed","Arabic body is not translated; noindex until reviewed"
"https://www.nitaqacademy.com/ar/english-tuition-sharjah","yes","no","removed","Arabic body is not translated; noindex until reviewed"
"https://www.nitaqacademy.com/ar/finance-courses","yes","no","removed","Arabic body is not translated; noindex until reviewed"
"https://www.nitaqacademy.com/ar/foundation-jee-neet","yes","no","removed","Arabic body is not translated; noindex until reviewed"
"https://www.nitaqacademy.com/ar/french","yes","no","removed","Arabic body is not translated; noindex until reviewed"
"https://www.nitaqacademy.com/ar/german","yes","no","removed","Arabic body is not translated; noindex until reviewed"
"https://www.nitaqacademy.com/ar/gmat-preparation","yes","no","removed","Arabic body is not translated; noindex until reviewed"
"https://www.nitaqacademy.com/ar/gre-preparation","yes","no","removed","Arabic body is not translated; noindex until reviewed"
"https://www.nitaqacademy.com/ar/hrm-courses","yes","no","removed","Arabic body is not translated; noindex until reviewed"
"https://www.nitaqacademy.com/ar/ielts-coaching-dubai","yes","no","removed","Arabic body is not translated; noindex until reviewed"
"https://www.nitaqacademy.com/ar/ielts-course","yes","no","removed","Arabic body is not translated; noindex until reviewed"
"https://www.nitaqacademy.com/ar/language-trainings","yes","no","removed","Arabic body is not translated; noindex until reviewed"
"https://www.nitaqacademy.com/ar/maths-tuition-sharjah","yes","no","removed","Arabic body is not translated; noindex until reviewed"
"https://www.nitaqacademy.com/ar/physics-tuition-sharjah","yes","no","removed","Arabic body is not translated; noindex until reviewed"
"https://www.nitaqacademy.com/ar/power-bi-excel","yes","no","removed","Arabic body is not translated; noindex until reviewed"
"https://www.nitaqacademy.com/ar/privacy-policy","yes","no","removed","Arabic body is not translated; noindex until reviewed"
"https://www.nitaqacademy.com/ar/professional-certifications","yes","no","removed","Arabic body is not translated; noindex until reviewed"
"https://www.nitaqacademy.com/ar/professional-marketing-course","yes","no","removed","Arabic body is not translated; noindex until reviewed"
"https://www.nitaqacademy.com/ar/pte-course","yes","no","removed","Arabic body is not translated; noindex until reviewed"
"https://www.nitaqacademy.com/ar/sales-negotiations","yes","no","removed","Arabic body is not translated; noindex until reviewed"
"https://www.nitaqacademy.com/ar/sat-preparation-dubai","yes","no","removed","Arabic body is not translated; noindex until reviewed"
"https://www.nitaqacademy.com/ar/sat-preparation-sharjah","yes","no","removed","Arabic body is not translated; noindex until reviewed"
"https://www.nitaqacademy.com/ar/sat/diagnostic","yes","no","removed","Arabic body is not translated; noindex until reviewed"
"https://www.nitaqacademy.com/ar/sat/results","yes","no","removed","Arabic body is not translated; noindex until reviewed"
"https://www.nitaqacademy.com/ar/science-tuition-sharjah","yes","no","removed","Arabic body is not translated; noindex until reviewed"
"https://www.nitaqacademy.com/ar/social-science-tuition-sharjah","yes","no","removed","Arabic body is not translated; noindex until reviewed"
"https://www.nitaqacademy.com/ar/soft-skills-training","yes","no","removed","Arabic body is not translated; noindex until reviewed"
"https://www.nitaqacademy.com/ar/software-engineering-diploma-sharjah","yes","no","removed","Arabic body is not translated; noindex until reviewed"
"https://www.nitaqacademy.com/ar/spanish","yes","no","removed","Arabic body is not translated; noindex until reviewed"
"https://www.nitaqacademy.com/ar/spoken-arabic","yes","no","removed","Arabic body is not translated; noindex until reviewed"
"https://www.nitaqacademy.com/ar/spoken-english","yes","no","removed","Arabic body is not translated; noindex until reviewed"
"https://www.nitaqacademy.com/ar/terms-and-conditions","yes","no","removed","Arabic body is not translated; noindex until reviewed"
"https://www.nitaqacademy.com/ar/test-preparations","yes","no","removed","Arabic body is not translated; noindex until reviewed"
"https://www.nitaqacademy.com/ar/toefl-course","yes","no","removed","Arabic body is not translated; noindex until reviewed"
"https://www.nitaqacademy.com/ar/uae-corporate-tax","yes","no","removed","Arabic body is not translated; noindex until reviewed"
"https://www.nitaqacademy.com/ar/uae-vat","yes","no","removed","Arabic body is not translated; noindex until reviewed"
"https://www.nitaqacademy.com/ar/webinar/ai","yes","no","removed","Arabic body is not translated; noindex until reviewed"
"https://www.nitaqacademy.com/ar/webinar/counselors","yes","no","removed","Arabic body is not translated; noindex until reviewed"
"https://www.nitaqacademy.com/article/academic-excellence-tuition-dubai-sharjah-uae","yes","yes","retained","Retained canonical public route"
"https://www.nitaqacademy.com/article/acca-coaching-uae-benefits","yes","yes","retained","Retained canonical public route"
"https://www.nitaqacademy.com/article/ai-courses-sharjah-essential","yes","yes","retained","Retained canonical public route"
"https://www.nitaqacademy.com/article/ai-skills-every-student-needs","yes","yes","retained","Retained canonical public route"
"https://www.nitaqacademy.com/article/best-ai-courses-dubai","yes","yes","retained","Retained canonical public route"
"https://www.nitaqacademy.com/article/best-digital-marketing-course-uae","yes","yes","retained","Retained canonical public route"
"https://www.nitaqacademy.com/article/best-professional-certifications-uae","yes","yes","retained","Retained canonical public route"
"https://www.nitaqacademy.com/article/best-training-institute-sharjah","yes","yes","retained","Retained canonical public route"
"https://www.nitaqacademy.com/article/best-tuition-classes-near-me-sharjah","yes","yes","retained","Retained canonical public route"
"https://www.nitaqacademy.com/article/best-tuition-classes-sharjah-dubai-guide","yes","yes","retained","Retained canonical public route"
"https://www.nitaqacademy.com/article/choose-right-course-uae","yes","yes","retained","Retained canonical public route"
"https://www.nitaqacademy.com/article/common-sat-mistakes","yes","yes","retained","Retained canonical public route"
"https://www.nitaqacademy.com/article/complete-guide-best-tuition-classes-dubai-sharjah-uae","yes","yes","retained","Retained canonical public route"
"https://www.nitaqacademy.com/article/comprehensive-subject-tuition-guide-sharjah-dubai-uae","yes","yes","retained","Retained canonical public route"
"https://www.nitaqacademy.com/article/digital-marketing-salary-increase-uae","yes","yes","retained","Retained canonical public route"
"https://www.nitaqacademy.com/article/digital-marketing-seo-guide-uae","yes","yes","retained","Retained canonical public route"
"https://www.nitaqacademy.com/article/digital-sat-preparation-guide-sharjah-dubai-uae","yes","yes","retained","Retained canonical public route"
"https://www.nitaqacademy.com/article/free-digital-sat-diagnostic-assessment-guide","yes","yes","retained","Retained canonical public route"
"https://www.nitaqacademy.com/article/how-to-choose-best-digital-marketing-institute-sharjah-dubai-uae","yes","yes","retained","Retained canonical public route"
"https://www.nitaqacademy.com/article/ielts-dubai-guide","yes","yes","retained","Retained canonical public route"
"https://www.nitaqacademy.com/article/improve-english-better-jobs","yes","yes","retained","Retained canonical public route"
"https://www.nitaqacademy.com/article/improve-ielts-band-score","yes","yes","retained","Retained canonical public route"
"https://www.nitaqacademy.com/article/professional-courses-sharjah-growth","yes","yes","retained","Retained canonical public route"
"https://www.nitaqacademy.com/article/professional-digital-marketing-course-overview","yes","yes","retained","Retained canonical public route"
"https://www.nitaqacademy.com/article/sat-coaching-sharjah","yes","yes","retained","Retained canonical public route"
"https://www.nitaqacademy.com/article/sat-score-1300-guide","yes","yes","retained","Retained canonical public route"
"https://www.nitaqacademy.com/article/sat-vs-ielts-guide","yes","yes","retained","Retained canonical public route"
"https://www.nitaqacademy.com/article/top-skills-uae-2026","yes","yes","retained","Retained canonical public route"
"https://www.nitaqacademy.com/article/why-hiring-digital-marketing-agency-transform-business","yes","yes","retained","Retained canonical public route"
"https://www.nitaqacademy.com/article/why-not-getting-hired-uae","yes","yes","retained","Retained canonical public route"
"https://www.nitaqacademy.com/articles","yes","yes","retained","Retained canonical public route"
"https://www.nitaqacademy.com/biology-tuition-sharjah","yes","yes","retained","Retained canonical public route"
"https://www.nitaqacademy.com/business-studies-tuition-sharjah","yes","yes","retained","Retained canonical public route"
"https://www.nitaqacademy.com/chemistry-tuition-sharjah","yes","yes","retained","Retained canonical public route"
"https://www.nitaqacademy.com/chrm","yes","yes","retained","Retained canonical public route"
"https://www.nitaqacademy.com/cma-course","yes","yes","retained","Retained canonical public route"
"https://www.nitaqacademy.com/contact","yes","yes","retained","Retained canonical public route"
"https://www.nitaqacademy.com/corporate-trainings","yes","yes","retained","Retained canonical public route"
"https://www.nitaqacademy.com/courses","yes","yes","retained","Retained canonical public route"
"https://www.nitaqacademy.com/courses/professional-digital-marketing-course-sharjah-uae","yes","yes","retained","Retained canonical public route"
"https://www.nitaqacademy.com/cpa-course","yes","yes","retained","Retained canonical public route"
"https://www.nitaqacademy.com/cpcd-courses","yes","yes","retained","Retained canonical public route"
"https://www.nitaqacademy.com/cybersecurity-course-sharjah","yes","yes","retained","Retained canonical public route"
"https://www.nitaqacademy.com/data-management","yes","yes","retained","Retained canonical public route"
"https://www.nitaqacademy.com/economics-tuition-sharjah","yes","yes","retained","Retained canonical public route"
"https://www.nitaqacademy.com/english-tuition-sharjah","yes","yes","retained","Retained canonical public route"
"https://www.nitaqacademy.com/finance-courses","yes","yes","retained","Retained canonical public route"
"https://www.nitaqacademy.com/foundation-jee-neet","yes","yes","retained","Retained canonical public route"
"https://www.nitaqacademy.com/french","yes","yes","retained","Retained canonical public route"
"https://www.nitaqacademy.com/german","yes","yes","retained","Retained canonical public route"
"https://www.nitaqacademy.com/gmat-preparation","yes","yes","retained","Retained canonical public route"
"https://www.nitaqacademy.com/gre-preparation","yes","yes","retained","Retained canonical public route"
"https://www.nitaqacademy.com/hrm-courses","yes","yes","retained","Retained canonical public route"
"https://www.nitaqacademy.com/ielts-coaching-dubai","yes","yes","retained","Retained canonical public route"
"https://www.nitaqacademy.com/ielts-course","yes","yes","retained","Retained canonical public route"
"https://www.nitaqacademy.com/language-trainings","yes","yes","retained","Retained canonical public route"
"https://www.nitaqacademy.com/maths-tuition-sharjah","yes","yes","retained","Retained canonical public route"
"https://www.nitaqacademy.com/physics-tuition-sharjah","yes","yes","retained","Retained canonical public route"
"https://www.nitaqacademy.com/power-bi-excel","yes","yes","retained","Retained canonical public route"
"https://www.nitaqacademy.com/privacy-policy","yes","yes","retained","Retained canonical public route"
"https://www.nitaqacademy.com/professional-certifications","yes","yes","retained","Retained canonical public route"
"https://www.nitaqacademy.com/professional-marketing-course","yes","yes","retained","Retained canonical public route"
"https://www.nitaqacademy.com/pte-course","yes","yes","retained","Retained canonical public route"
"https://www.nitaqacademy.com/sales-negotiations","yes","yes","retained","Retained canonical public route"
"https://www.nitaqacademy.com/sat-preparation-dubai","yes","yes","retained","Retained canonical public route"
"https://www.nitaqacademy.com/sat-preparation-sharjah","yes","yes","retained","Retained canonical public route"
"https://www.nitaqacademy.com/sat/diagnostic","yes","yes","retained","Retained canonical public route"
"https://www.nitaqacademy.com/sat/results","yes","no","removed","Student-specific result flow; noindex and exclude"
"https://www.nitaqacademy.com/science-tuition-sharjah","yes","yes","retained","Retained canonical public route"
"https://www.nitaqacademy.com/social-science-tuition-sharjah","yes","yes","retained","Retained canonical public route"
"https://www.nitaqacademy.com/soft-skills-training","yes","yes","retained","Retained canonical public route"
"https://www.nitaqacademy.com/software-engineering-diploma-sharjah","yes","yes","retained","Retained canonical public route"
"https://www.nitaqacademy.com/spanish","yes","yes","retained","Retained canonical public route"
"https://www.nitaqacademy.com/spoken-arabic","yes","yes","retained","Retained canonical public route"
"https://www.nitaqacademy.com/spoken-english","yes","yes","retained","Retained canonical public route"
"https://www.nitaqacademy.com/terms-and-conditions","yes","yes","retained","Retained canonical public route"
"https://www.nitaqacademy.com/test-preparations","yes","yes","retained","Retained canonical public route"
"https://www.nitaqacademy.com/toefl-course","yes","yes","retained","Retained canonical public route"
"https://www.nitaqacademy.com/uae-corporate-tax","yes","yes","retained","Retained canonical public route"
"https://www.nitaqacademy.com/uae-vat","yes","yes","retained","Retained canonical public route"
"https://www.nitaqacademy.com/webinar/ai","yes","yes","retained","Retained canonical public route"
"https://www.nitaqacademy.com/webinar/counselors","yes","yes","retained","Retained canonical public route"
