url,get_status,final_url,title,description,h1,lang,canonical,robots,read_chars,error
https://www.nitaqacademy.com/,200,https://www.nitaqacademy.com/,"NITAQ ACADEMY Sharjah | IELTS, ACCA, AI & Language Courses","Top-rated training academy in Sharjah offering IELTS, TOEFL, ACCA, CMA, AI & language courses. Expert tutors, flexible timing. Enroll today at NITAQ ACADEMY.","Top Training Institute in Sharjah for SAT, IELTS, AI & Professional Courses",en,https://www.nitaqacademy.com/,,51756,
https://www.nitaqacademy.com/about,200,https://www.nitaqacademy.com/about,About NITAQ ACADEMY | Leading Training Center in Sharjah,Discover NITAQ ACADEMY's mission to empower professionals and students in Sharjah with world-class education and certifications.,About NITAQ ACADEMY,en,https://www.nitaqacademy.com/about,,31237,
https://www.nitaqacademy.com/contact,200,https://www.nitaqacademy.com/contact,Contact NITAQ ACADEMY Sharjah | Get in Touch,"Have questions about our courses? Contact NITAQ ACADEMY in Sharjah for admissions, course details, and corporate training enquiries.",Get in Touch,en,https://www.nitaqacademy.com/contact,,26892,
https://www.nitaqacademy.com/courses,200,https://www.nitaqacademy.com/courses,Our Courses | NITAQ ACADEMY Sharjah,"Explore all professional certifications, test preparations, and language trainings at NITAQ ACADEMY. Your path to excellence starts here.",Courses by NITAQ ACADEMY,en,https://www.nitaqacademy.com/courses,,31955,
https://www.nitaqacademy.com/articles,200,https://www.nitaqacademy.com/articles,Articles & Educational Guides | NITAQ ACADEMY Sharjah,"Expert SAT coaching Sharjah, IELTS training UAE, and professional career insights from NITAQ ACADEMY - the leading training institute in Sharjah. Stay ahead with our guides.",Educational Insights & Guides,en,https://www.nitaqacademy.com/articles,,46572,
https://www.nitaqacademy.com/test-preparations,200,https://www.nitaqacademy.com/test-preparations,"Test Preparation Courses Sharjah | IELTS, TOEFL, SAT, GRE | NITAQ ACADEMY","Expert coaching for IELTS, TOEFL, SAT, GMAT, and GRE in Sharjah. Boost your scores and secure admissions with NITAQ ACADEMY's proven programs.",Ace Your Exams,en,https://www.nitaqacademy.com/test-preparations,,24612,
https://www.nitaqacademy.com/language-trainings,200,https://www.nitaqacademy.com/language-trainings,"Language Training Classes Sharjah | English, Arabic, French, Spanish | NITAQ ACADEMY","Learn new languages with certified trainers in Sharjah. Our language courses include Spoken English, Arabic, French, German, and Spanish for all levels.",Master New Languages,en,https://www.nitaqacademy.com/language-trainings,,25395,
https://www.nitaqacademy.com/professional-certifications,200,https://www.nitaqacademy.com/professional-certifications,"Professional Certification Courses Sharjah | ACCA, CMA, CPA, Tax | NITAQ ACADEMY","Gain globally recognized professional certifications in Sharjah. Expert tuition for ACCA, CMA, CPA, UAE VAT, and Corporate Tax courses.",Professional Certifications,en,https://www.nitaqacademy.com/professional-certifications,,30068,
https://www.nitaqacademy.com/corporate-trainings,200,https://www.nitaqacademy.com/corporate-trainings,Corporate Training Solutions Sharjah UAE | NITAQ ACADEMY,"Customized training programs for organizations in the UAE. Upskill your employees with HR, Sales, IT, and Finance certifications at NITAQ ACADEMY.",Corporate Enablement,en,https://www.nitaqacademy.com/corporate-trainings,,25078,
https://www.nitaqacademy.com/finance-courses,200,https://www.nitaqacademy.com/finance-courses,"Finance Courses Sharjah | ACCA, CMA, CPA | NITAQ ACADEMY","Explore top professional finance certifications at NITAQ ACADEMY Sharjah. We offer expert coaching for ACCA, CMA, and CPA passing guarantee.",Finance Specializations,en,https://www.nitaqacademy.com/finance-courses,,21917,
https://www.nitaqacademy.com/sat-preparation-sharjah,200,https://www.nitaqacademy.com/sat-preparation-sharjah,SAT Preparation in Sharjah | Digital SAT Coaching UAE | NITAQ ACADEMY,"SPEA Authorized SAT coaching in Sharjah. Digital SAT Math, Reading & Writing. Score 1300+. Online & offline batches. Enrol — +971 52 756 9908.",Prepare with Purpose.Achieve Your SAT Goals.Free SATDiagnostic Assessment,en,https://www.nitaqacademy.com/sat-preparation-sharjah,,49704,
https://www.nitaqacademy.com/sat-preparation-dubai,200,https://www.nitaqacademy.com/sat-preparation-dubai,SAT Preparation Dubai | 1400+ Guaranteed | NITAQ ACADEMY,"Master the Digital SAT with elite coaching accessible from Dubai. Score 1400+ with native strategies, mock tests, and top-tier instructors.",Prepare with Purpose.Achieve Your SAT Goals.Free SATDiagnostic Assessment,en,https://www.nitaqacademy.com/sat-preparation-dubai,,45661,
https://www.nitaqacademy.com/ielts-course,200,https://www.nitaqacademy.com/ielts-course,IELTS Preparation Course Sharjah | Band 7+ Guaranteed | NITAQ ACADEMY,"Achieve IELTS Band 7+ with NITAQ ACADEMY's expert-led preparation course in Sharjah. Flexible batches, mock tests & proven strategies for Academic and General modules.",IELTS - International English Language Testing System,en,https://www.nitaqacademy.com/ielts-course,,33443,
https://www.nitaqacademy.com/ielts-coaching-dubai,200,https://www.nitaqacademy.com/ielts-coaching-dubai,IELTS Coaching Dubai | Band 7+ Guaranteed | NITAQ ACADEMY,"Achieve IELTS Band 7+ with elite preparation for Dubai residents. Flexible batches, expert trainers, and mock tests for Academic and General modules.",IELTS - International English Language Testing System,en,https://www.nitaqacademy.com/ielts-coaching-dubai,,31228,
https://www.nitaqacademy.com/gre-preparation,200,https://www.nitaqacademy.com/gre-preparation,GRE Preparation Course Sharjah | Graduate School Coaching UAE | NITAQ ACADEMY,"Score high on the GRE with NITAQ ACADEMY's expert coaching in Sharjah. 10 mock tests, Quant, Verbal & AWA training. SPEA Authorized. Online & offline GRE prep UAE.",GRE Preparation,en,https://www.nitaqacademy.com/gre-preparation,,34140,
https://www.nitaqacademy.com/gmat-preparation,200,https://www.nitaqacademy.com/gmat-preparation,GMAT Preparation Course Sharjah | MBA Exam Coaching UAE | NITAQ ACADEMY,"Master the GMAT with NITAQ ACADEMY's expert coaching in Sharjah. 10 mock tests, Quant, Verbal & AWA training for top MBA admission. SPEA Authorized. Online & offline GMAT prep UAE.",GMAT Preparation,en,https://www.nitaqacademy.com/gmat-preparation,,34380,
https://www.nitaqacademy.com/toefl-course,200,https://www.nitaqacademy.com/toefl-course,TOEFL Preparation Course Sharjah | TOEFL iBT Coaching UAE | NITAQ ACADEMY,"Ace the TOEFL iBT with NITAQ ACADEMY expert coaching in Sharjah. Reading, Listening, Speaking & Writing preparation with mock tests. SPEA Authorized. Online & offline UAE.",TOEFL - Test of English as a Foreign Language,en,https://www.nitaqacademy.com/toefl-course,,32748,
https://www.nitaqacademy.com/pte-course,200,https://www.nitaqacademy.com/pte-course,PTE Academic Preparation Course Sharjah | PTE Coaching UAE | NITAQ ACADEMY,"Score high on PTE Academic with NITAQ ACADEMY coaching in Sharjah. Comprehensive Speaking, Writing, Reading & Listening preparation. Online & offline batches. SPEA Authorized.",PTE - Pearson Test of English,en,https://www.nitaqacademy.com/pte-course,,33375,
https://www.nitaqacademy.com/acca-course,200,https://www.nitaqacademy.com/acca-course,ACCA Course Sharjah | Chartered Accountant Coaching UAE | NITAQ ACADEMY,"ACCA qualification coaching in Sharjah at NITAQ ACADEMY. Expert tutors for all levels — Applied Knowledge, Skills & Strategic Professional. SPEA Authorized. Online & offline.",ACCA - Association of Chartered Certified Accountants,en,https://www.nitaqacademy.com/acca-course,,32924,
https://www.nitaqacademy.com/cma-course,200,https://www.nitaqacademy.com/cma-course,CMA Course Sharjah | Certified Management Accountant Coaching UAE | Nitaq,CMA (Certified Management Accountant) preparation at NITAQ ACADEMY Sharjah. Expert IMA CMA exam coaching. SPEA Authorized. Online & offline batches available UAE.,CMA - Certified Management Accountant,en,https://www.nitaqacademy.com/cma-course,,33243,
https://www.nitaqacademy.com/cpa-course,200,https://www.nitaqacademy.com/cpa-course,CPA Course Sharjah | Certified Public Accountant Training UAE | NITAQ ACADEMY,CPA (Certified Public Accountant) preparation at NITAQ ACADEMY Sharjah. Expert AICPA CPA exam coaching with comprehensive practice materials. SPEA Authorized.,CPA - Certified Public Accountant,en,https://www.nitaqacademy.com/cpa-course,,32153,
https://www.nitaqacademy.com/uae-vat,200,https://www.nitaqacademy.com/uae-vat,UAE VAT Course Sharjah | VAT Training & Certification UAE | NITAQ ACADEMY,"UAE VAT training at NITAQ ACADEMY Sharjah. Practical VAT compliance, registration, and filing training for businesses & professionals. Online & offline batches. SPEA Authorized.",UAE VAT Course,en,https://www.nitaqacademy.com/uae-vat,,32575,
https://www.nitaqacademy.com/uae-corporate-tax,200,https://www.nitaqacademy.com/uae-corporate-tax,UAE Corporate Tax Course Sharjah | CT Training UAE | NITAQ ACADEMY,"UAE Corporate Tax training at NITAQ ACADEMY Sharjah. Understand CT compliance, registration & filing for businesses. Practical training for finance professionals. SPEA Authorized.",UAE Corporate Tax Course,en,https://www.nitaqacademy.com/uae-corporate-tax,,33046,
https://www.nitaqacademy.com/ai-course,200,https://www.nitaqacademy.com/ai-course,AI & Technology Course Sharjah | Artificial Intelligence Training UAE | Nitaq,"Master AI and technology at NITAQ ACADEMY Sharjah. Machine learning, data science, Python & professional AI certification training. Flexible online & offline batches UAE.",Basic to Advance A.I Course,en,https://www.nitaqacademy.com/ai-course,,33481,
https://www.nitaqacademy.com/power-bi-excel,200,https://www.nitaqacademy.com/power-bi-excel,Power BI & Excel Course Sharjah | Data Analytics Training UAE | NITAQ ACADEMY,"Master Power BI and Advanced Excel at NITAQ ACADEMY Sharjah. Data visualization, dashboards, and analytics training for professionals. Online & offline batches UAE.",Power BI & Advanced Excel,en,https://www.nitaqacademy.com/power-bi-excel,,34600,
https://www.nitaqacademy.com/chrm,200,https://www.nitaqacademy.com/chrm,CHRM Course Sharjah | Certified HR Manager Training UAE | NITAQ ACADEMY,CHRM (Certified HR Manager) preparation at NITAQ ACADEMY Sharjah. Build strategic HR leadership skills with our expert-led CHRM coaching. Online & offline batches UAE.,CHRM - Certified Human Resource Manager,en,https://www.nitaqacademy.com/chrm,,32269,
https://www.nitaqacademy.com/hrm-courses,200,https://www.nitaqacademy.com/hrm-courses,HRM Course Sharjah | Human Resource Management Training UAE | NITAQ ACADEMY,Human Resource Management (HRM) training at NITAQ ACADEMY Sharjah. Practical HR skills for professionals. Online & offline batches UAE. SPEA Authorized.,HRM - Human Resource Management,en,https://www.nitaqacademy.com/hrm-courses,,33128,
https://www.nitaqacademy.com/sales-negotiations,200,https://www.nitaqacademy.com/sales-negotiations,Sales & Negotiations Training Sharjah | Business Skills UAE | NITAQ ACADEMY,"Sales and negotiations training at NITAQ ACADEMY Sharjah. Master persuasion, deal-closing, and negotiation strategies for business success. Online & offline batches UAE.",Sales & Negotiations,en,https://www.nitaqacademy.com/sales-negotiations,,33598,
https://www.nitaqacademy.com/professional-marketing-course,200,https://www.nitaqacademy.com/professional-marketing-course,Professional Marketing Course Sharjah | Best Marketing Training UAE,"Top-rated Professional Marketing Course in Sharjah. Learn Branding, Strategy & Customer Psychology. Perfect for beginners and entrepreneurs. Online & Offline UAE.","Professional Marketing Course in Sharjah, UAE",en,https://www.nitaqacademy.com/professional-marketing-course,,32321,
https://www.nitaqacademy.com/courses/professional-digital-marketing-course-sharjah-uae,200,https://www.nitaqacademy.com/courses/professional-digital-marketing-course-sharjah-uae,Digital Marketing Course in Sharjah | NITAQ Academy,"Become a certified marketer with the best Digital Marketing Course in Sharjah. Practical training in SEO, Google Ads, Meta Ads & AI. Enroll at NITAQ today!","Professional Digital Marketing Course in Sharjah, UAE",en,https://www.nitaqacademy.com/courses/professional-digital-marketing-course-sharjah-uae,,73796,
https://www.nitaqacademy.com/software-engineering-diploma-sharjah,200,https://www.nitaqacademy.com/software-engineering-diploma-sharjah,Software Engineering Diploma in Sharjah | Software Development Course UAE | Nitaq Academy,"Join Nitaq Academy's Software Engineering Diploma in Sharjah. Learn programming, software development, databases, algorithms, OOP, software architecture, debugging, testing, Git, and modern software engineering practices. SPEA Certified training in UAE.",Software Engineering Diploma in Sharjah,en,https://www.nitaqacademy.com/software-engineering-diploma-sharjah,,63465,
https://www.nitaqacademy.com/cybersecurity-course-sharjah,200,https://www.nitaqacademy.com/cybersecurity-course-sharjah,Cybersecurity Course Sharjah | Ethical Hacking UAE | Nitaq,"Learn ethical hacking and cybersecurity in Sharjah. CyberShield program for beginners. Master Kali Linux, Metasploit, Wireshark. Online & offline batches near me.",Cybersecurity Foundations & Ethical Hacking,en,https://www.nitaqacademy.com/cybersecurity-course-sharjah,,35681,
https://www.nitaqacademy.com/cpcd-courses,200,https://www.nitaqacademy.com/cpcd-courses,CPCD Course Sharjah | Professional CP Training UAE | NITAQ ACADEMY,CPCD professional certification training at NITAQ ACADEMY Sharjah. Expert coaching for CPCD exams. Online & offline batches available UAE. SPEA Authorized.,CPCD - Certified Professional in Career Development,en,https://www.nitaqacademy.com/cpcd-courses,,32126,
https://www.nitaqacademy.com/data-management,200,https://www.nitaqacademy.com/data-management,Data Management Course Sharjah | Database & Analytics Training UAE | Nitaq,"Data management training at NITAQ ACADEMY Sharjah. Learn database management, data analysis, SQL, and business intelligence tools. Online & offline batches UAE.",Certified Data Management Professional,en,https://www.nitaqacademy.com/data-management,,32371,
https://www.nitaqacademy.com/soft-skills-training,200,https://www.nitaqacademy.com/soft-skills-training,Soft Skills Training Sharjah | Communication & Leadership UAE | NITAQ ACADEMY,"Soft skills training at NITAQ ACADEMY Sharjah. Build communication, leadership, emotional intelligience & teamwork skills for career growth. Online & offline batches UAE.",Soft Skills Training,en,https://www.nitaqacademy.com/soft-skills-training,,33552,
https://www.nitaqacademy.com/spoken-english,200,https://www.nitaqacademy.com/spoken-english,Spoken English Course Sharjah | English Communication Training UAE | Nitaq,"Improve your Spoken English at NITAQ ACADEMY Sharjah. Build fluency, confidence & professional communication skills. Flexible online & offline English batches UAE.",Spoken English Course,en,https://www.nitaqacademy.com/spoken-english,,33359,
https://www.nitaqacademy.com/spoken-arabic,200,https://www.nitaqacademy.com/spoken-arabic,Spoken Arabic Course Sharjah | Arabic Language Training UAE | NITAQ ACADEMY,"Learn Spoken Arabic at NITAQ ACADEMY Sharjah. Conversational Arabic for UAE daily life, business & culture. Flexible online & offline batches. SPEA Authorized.",Spoken Arabic Course,en,https://www.nitaqacademy.com/spoken-arabic,,33412,
https://www.nitaqacademy.com/french,200,https://www.nitaqacademy.com/french,French Language Course Sharjah | DELF/DALF Preparation UAE | NITAQ ACADEMY,"Learn French at all levels (A1–C2) at NITAQ ACADEMY Sharjah. DELF/DALF exam prep, immersive teaching, flexible online & offline batches. CEFR-aligned curriculum. SPEA Authorized.",French Language Course,en,https://www.nitaqacademy.com/french,,33585,
https://www.nitaqacademy.com/german,200,https://www.nitaqacademy.com/german,German Language Course Sharjah | Goethe/TestDaF Prep UAE | NITAQ ACADEMY,"Learn German (A1–C2) at NITAQ ACADEMY Sharjah. Goethe/TestDaF exam prep, immersive teaching, flexible online & offline batches. CEFR-aligned curriculum. SPEA Authorized.",German Language Course,en,https://www.nitaqacademy.com/german,,33418,
https://www.nitaqacademy.com/spanish,200,https://www.nitaqacademy.com/spanish,Spanish Language Course Sharjah | DELE Preparation UAE | NITAQ ACADEMY,"Learn Spanish (A1–C2) at NITAQ ACADEMY Sharjah. DELE exam prep, immersive teaching, flexible online & offline batches. CEFR-aligned curriculum. SPEA Authorized.",Spanish Language Course,en,https://www.nitaqacademy.com/spanish,,33270,
https://www.nitaqacademy.com/academic-excellence,200,https://www.nitaqacademy.com/academic-excellence,"Academic Excellence Sharjah | IGCSE, A-Level & IB Tuition | Nitaq Academy","Leading academic excellence & school tuition in Sharjah. Expert IGCSE classes, A-Level tuition, IB tutoring, Maths, Science & English support in Al Majaz 3, Sharjah.",Academic Excellence in Sharjah,en,https://www.nitaqacademy.com/academic-excellence,,46712,
https://www.nitaqacademy.com/maths-tuition-sharjah,200,https://www.nitaqacademy.com/maths-tuition-sharjah,"Maths Tuition in Sharjah & Dubai | Class 1 to 12, IGCSE, A-Level & CBSE | Nitaq UAE","Expert Maths tuition in Sharjah, Dubai & UAE for Class 1-12. Specialized IGCSE maths tuition, A-Level & Class 10 CBSE coaching in Al Majaz 3, Sharjah & online UAE.",Maths Tuition in Sharjah,en,https://www.nitaqacademy.com/maths-tuition-sharjah,,53531,
https://www.nitaqacademy.com/science-tuition-sharjah,200,https://www.nitaqacademy.com/science-tuition-sharjah,"Science Tuition in Sharjah & Dubai | Physics, Chemistry, Biology Class 1-12 | Nitaq UAE","Top-rated Science tuition in Sharjah & Dubai for Class 1-12. Specialized Physics, Chemistry & Biology coaching for IGCSE, A-Level, IB & CBSE in Al Majaz 3, Sharjah & Online UAE.",Science Tuition in Sharjah,en,https://www.nitaqacademy.com/science-tuition-sharjah,,54421,
https://www.nitaqacademy.com/physics-tuition-sharjah,200,https://www.nitaqacademy.com/physics-tuition-sharjah,"Physics Tuition in Sharjah & Dubai | IGCSE, A-Level, IB & CBSE Class 8-12 | Nitaq UAE","Top-rated Physics tuition in Sharjah, Dubai & UAE for Class 8-12. Cambridge IGCSE (0625), Edexcel A-Level, IB Physics HL/SL & CBSE Class 11-12 in Al Majaz 3, Sharjah & Online UAE.",Physics Tuition in Sharjah,en,https://www.nitaqacademy.com/physics-tuition-sharjah,,54631,
https://www.nitaqacademy.com/chemistry-tuition-sharjah,200,https://www.nitaqacademy.com/chemistry-tuition-sharjah,"Chemistry Tuition in Sharjah & Dubai | IGCSE, A-Level, IB & CBSE Class 8-12 | Nitaq UAE","Expert Chemistry tuition in Sharjah, Dubai & UAE for Class 8-12. Cambridge IGCSE (0620), Edexcel A-Level, IB Chemistry HL/SL & CBSE Class 11-12 in Al Majaz 3, Sharjah & Online UAE.",Chemistry Tuition in Sharjah,en,https://www.nitaqacademy.com/chemistry-tuition-sharjah,,54432,
https://www.nitaqacademy.com/biology-tuition-sharjah,200,https://www.nitaqacademy.com/biology-tuition-sharjah,"Biology Tuition in Sharjah & Dubai | IGCSE, A-Level, IB & CBSE Class 8-12 | Nitaq UAE","Premier Biology tuition in Sharjah, Dubai & UAE for Class 8-12. Cambridge IGCSE (0610), Edexcel A-Level, IB Biology HL/SL & CBSE NEET Foundation in Al Majaz 3, Sharjah & Online UAE.",Biology Tuition in Sharjah,en,https://www.nitaqacademy.com/biology-tuition-sharjah,,54464,
https://www.nitaqacademy.com/business-studies-tuition-sharjah,200,https://www.nitaqacademy.com/business-studies-tuition-sharjah,"Business Studies Tuition in Sharjah & Dubai | IGCSE, A-Level & CBSE Class 9-12 | Nitaq UAE","Expert Business Studies tuition in Sharjah, Dubai & UAE for Class 9-12. Cambridge IGCSE (0450), Edexcel A-Level, IB Business Management & CBSE Class 11-12 in Al Majaz 3, Sharjah & Online UAE.",Business Studies Tuition in Sharjah,en,https://www.nitaqacademy.com/business-studies-tuition-sharjah,,55049,
https://www.nitaqacademy.com/accountancy-tuition-sharjah,200,https://www.nitaqacademy.com/accountancy-tuition-sharjah,"Accountancy Tuition in Sharjah & Dubai | CBSE Class 11-12, IGCSE & A-Level | Nitaq UAE","Specialized Accountancy tuition in Sharjah, Dubai & UAE for Class 10-12. CBSE Class 11-12 Accountancy, Cambridge IGCSE Accounting (0452) & Edexcel A-Level in Al Majaz 3, Sharjah & Online UAE.",Accountancy Tuition in Sharjah,en,https://www.nitaqacademy.com/accountancy-tuition-sharjah,,54540,
https://www.nitaqacademy.com/economics-tuition-sharjah,200,https://www.nitaqacademy.com/economics-tuition-sharjah,"Economics Tuition in Sharjah & Dubai | IGCSE, A-Level, IB & CBSE Class 9-12 | Nitaq UAE","Expert Economics tuition in Sharjah, Dubai & UAE for Class 9-12. Cambridge IGCSE (0455), Edexcel A-Level, IB Economics HL/SL & CBSE Class 11-12 in Al Majaz 3, Sharjah & Online UAE.",Economics Tuition in Sharjah,en,https://www.nitaqacademy.com/economics-tuition-sharjah,,54863,
https://www.nitaqacademy.com/english-tuition-sharjah,200,https://www.nitaqacademy.com/english-tuition-sharjah,"English Tuition in Sharjah & Dubai | Grammar, Writing, IGCSE & CBSE Class 1-12 | Nitaq UAE","Premier English tuition in Sharjah, Dubai & UAE for Class 1-12. Grammar classes, essay writing, comprehension & IGCSE English coaching in Al Majaz 3, Sharjah & online UAE.",English Tuition in Sharjah,en,https://www.nitaqacademy.com/english-tuition-sharjah,,53806,
https://www.nitaqacademy.com/social-science-tuition-sharjah,200,https://www.nitaqacademy.com/social-science-tuition-sharjah,"Social Science Tuition in Sharjah & Dubai | History, Geography, Civics Class 1-12 | Nitaq UAE","Expert Social Science (SST) tuition in Sharjah, Dubai & UAE for Class 1-12. History, Geography, Civics & Economics coaching for CBSE, IGCSE & IB in Al Majaz 3, Sharjah & Online UAE.",Social Science Tuition in Sharjah,en,https://www.nitaqacademy.com/social-science-tuition-sharjah,,53444,
https://www.nitaqacademy.com/foundation-jee-neet,200,https://www.nitaqacademy.com/foundation-jee-neet,JEE/NEET Foundation Course Sharjah | Indian Entrance Exam Prep UAE | Nitaq,JEE and NEET foundation preparation at NITAQ ACADEMY Sharjah. Expert coaching for Indian competitive entrance exams for UAE-based students. Online & offline batches.,Foundation for JEE/NEET,en,https://www.nitaqacademy.com/foundation-jee-neet,,34412,
https://www.nitaqacademy.com/ai-robotics-kids,200,https://www.nitaqacademy.com/ai-robotics-kids,AI & Robotics for Kids Sharjah | STEM Education UAE | NITAQ ACADEMY,"AI and Robotics training for kids at NITAQ ACADEMY Sharjah. Fun, hands-on STEM education in coding, robotics & artificial intelligence tools for children aged 7–15 in UAE.",A.I & Robotics for Kids,en,https://www.nitaqacademy.com/ai-robotics-kids,,32399,
https://www.nitaqacademy.com/article/sat-coaching-sharjah,200,https://www.nitaqacademy.com/article/sat-coaching-sharjah,SAT Coaching in Sharjah: A Complete Guide to Scoring Higher in 2026 | NITAQ ACADEMY,"Master the SAT in Sharjah with our updated 2026 guide. Learn about SAT structure, common challenges, and effective strategies for success.",SAT Coaching in Sharjah: A Complete Guide to Scoring Higher in 2026,en,https://www.nitaqacademy.com/article/sat-coaching-sharjah,,28121,
https://www.nitaqacademy.com/article/sat-score-1300-guide,200,https://www.nitaqacademy.com/article/sat-score-1300-guide,SAT Coaching in Sharjah: How to Score 1300+ in 2026 | NITAQ ACADEMY,"Learn the exact strategies to score 1300+ on the Digital SAT in Sharjah. Our 2026 guide covers section-wise tips, timing, and preparation methods.",SAT Coaching in Sharjah: How to Score 1300+ in 2026,en,https://www.nitaqacademy.com/article/sat-score-1300-guide,,26789,
https://www.nitaqacademy.com/article/sat-vs-ielts-guide,200,https://www.nitaqacademy.com/article/sat-vs-ielts-guide,SAT vs IELTS: Which Exam Do You Need for Studying Abroad? | NITAQ ACADEMY,Confused between SAT and IELTS? Our comprehensive comparison guide helps students in the UAE choose the right exam for their international university applications.,SAT vs IELTS: Which Exam Do You Need for Studying Abroad?,en,https://www.nitaqacademy.com/article/sat-vs-ielts-guide,,26554,
https://www.nitaqacademy.com/article/common-sat-mistakes,200,https://www.nitaqacademy.com/article/common-sat-mistakes,Common SAT Mistakes Students in UAE Make & How to Avoid Them | NITAQ ACADEMY,Identify and avoid the most common SAT mistakes made by students in Sharjah and Dubai. Expert tips to improve your digital SAT performance.,Common SAT Mistakes Students in UAE Make and How to Avoid Them,en,https://www.nitaqacademy.com/article/common-sat-mistakes,,26823,
https://www.nitaqacademy.com/article/ielts-dubai-guide,200,https://www.nitaqacademy.com/article/ielts-dubai-guide,IELTS Coaching in Dubai: A Complete Preparation Guide | NITAQ ACADEMY,"Your definitive guide to IELTS coaching in Dubai and Sharjah. Learn about the test format, key preparation strategies, and how to achieve a high band score.",IELTS Coaching in Dubai: A Complete Preparation Guide,en,https://www.nitaqacademy.com/article/ielts-dubai-guide,,26807,
https://www.nitaqacademy.com/article/improve-ielts-band-score,200,https://www.nitaqacademy.com/article/improve-ielts-band-score,How to Improve Your IELTS Band Score with Structured Training | NITAQ ACADEMY,Stuck at a 6.0 band score? Learn how to push your IELTS result to 7.5 or 8.0 with structured training techniques focused on the UAE exam standards.,How to Improve Your IELTS Band Score with Structured Training,en,https://www.nitaqacademy.com/article/improve-ielts-band-score,,26574,
https://www.nitaqacademy.com/article/professional-courses-sharjah-growth,200,https://www.nitaqacademy.com/article/professional-courses-sharjah-growth,Why Professional Courses in Sharjah Are Important for Career Growth | NITAQ ACADEMY,Discover how professional courses in Sharjah can accelerate your career in the competitive UAE market. Learn about the most in-demand skills and certifications.,Why Professional Courses in Sharjah Are Important for Career Growth,en,https://www.nitaqacademy.com/article/professional-courses-sharjah-growth,,27075,
https://www.nitaqacademy.com/article/acca-coaching-uae-benefits,200,https://www.nitaqacademy.com/article/acca-coaching-uae-benefits,ACCA Coaching in UAE: Career Opportunities & Benefits | NITAQ ACADEMY,"Unlock your potential in finance with ACCA coaching in UAE. Learn about exam benefits, career paths in Dubai/Sharjah, and how to become a certified accountant.",ACCA Coaching in UAE: Career Opportunities and Benefits,en,https://www.nitaqacademy.com/article/acca-coaching-uae-benefits,,27091,
https://www.nitaqacademy.com/article/ai-courses-sharjah-essential,200,https://www.nitaqacademy.com/article/ai-courses-sharjah-essential,AI Courses in Sharjah: Why Learning AI Is Essential in 2026 | NITAQ ACADEMY,Discover why AI literacy is the most critical skill for 2026. Learn about the best AI courses in Sharjah and how Artificial Intelligence is transforming the UAE job market.,AI Courses in Sharjah: Why Learning AI Is Essential in 2026,en,https://www.nitaqacademy.com/article/ai-courses-sharjah-essential,,27146,
https://www.nitaqacademy.com/article/best-training-institute-sharjah,200,https://www.nitaqacademy.com/article/best-training-institute-sharjah,Best Training Institute in Sharjah for Career & Academic Success | NITAQ ACADEMY,"Looking for the best training institute in Sharjah? Discover why NITAQ ACADEMY is the leading center for SAT, IELTS, and professional certifications in the UAE.",Best Training Institute in Sharjah for Career and Academic Success,en,https://www.nitaqacademy.com/article/best-training-institute-sharjah,,27057,
https://www.nitaqacademy.com/article/choose-right-course-uae,200,https://www.nitaqacademy.com/article/choose-right-course-uae,How to Choose the Right Course in UAE for Your Career Goals | NITAQ ACADEMY,Unsure which professional course to take? Use our expert guide to align your skills with the UAE job market and choose the right certification for career success.,How to Choose the Right Course in UAE for Your Career Goals,en,https://www.nitaqacademy.com/article/choose-right-course-uae,,27043,
https://www.nitaqacademy.com/article/top-skills-uae-2026,200,https://www.nitaqacademy.com/article/top-skills-uae-2026,Top Skills UAE 2026: Career Success & High-Income Skills | NITAQ ACADEMY,"Master the top skills UAE 2026 demands. Explore why AI, Digital Marketing, and Data Analytics are the best skills for students and professionals in Dubai & Sharjah.",Top Skills UAE 2026: The Ultimate Guide to Career Success in the Emirates,en,https://www.nitaqacademy.com/article/top-skills-uae-2026,,40817,
https://www.nitaqacademy.com/article/best-ai-courses-dubai,200,https://www.nitaqacademy.com/article/best-ai-courses-dubai,Best AI Course Dubai: Master Artificial Intelligence in 2026 | NITAQ ACADEMY,"Discover the best AI course Dubai offers at NITAQ ACADEMY. Master prompt engineering, Generative AI, and automation in our expert-led tech programs.",Best AI Courses in Dubai: Mastering the Future of Innovation,en,https://www.nitaqacademy.com/article/best-ai-courses-dubai,,36015,
https://www.nitaqacademy.com/article/why-not-getting-hired-uae,200,https://www.nitaqacademy.com/article/why-not-getting-hired-uae,Why You Are Not Getting Hired in UAE: 5 Common Mistakes | NITAQ ACADEMY,"Struggling to find a job in Dubai or Sharjah? Discover why you are not getting hired in UAE and how to fix your CV, certifications, and networking strategy.",Why You Are Not Getting Hired in UAE: 5 Common Mistakes & How to Fix Them,en,https://www.nitaqacademy.com/article/why-not-getting-hired-uae,,34654,
https://www.nitaqacademy.com/article/best-professional-certifications-uae,200,https://www.nitaqacademy.com/article/best-professional-certifications-uae,Best Professional Certifications UAE for Career Growth | NITAQ ACADEMY,"Discover the best professional certifications UAE and Sharjah offers. Accelerate your career with ACCA, HR, AI, and Tax certifications at NITAQ ACADEMY.",Best Professional Certifications UAE: Accelerating Your Career Growth in 2026,en,https://www.nitaqacademy.com/article/best-professional-certifications-uae,,39501,
https://www.nitaqacademy.com/article/digital-marketing-salary-increase-uae,200,https://www.nitaqacademy.com/article/digital-marketing-salary-increase-uae,How Digital Marketing Can Increase Your Salary | NITAQ ACADEMY,"Discover how a Digital Marketing course in Dubai, Sharjah, and the UAE can significantly boost your salary and career growth. Learn high-demand skills today.",How Digital Marketing Can Increase Your Salary: A Guide for Professionals in UAE,en,https://www.nitaqacademy.com/article/digital-marketing-salary-increase-uae,,37049,
https://www.nitaqacademy.com/article/ai-skills-every-student-needs,200,https://www.nitaqacademy.com/article/ai-skills-every-student-needs,AI Skills Every Student Needs in 2026 | NITAQ ACADEMY,Explore the essential AI skills every student in Dubai and Sharjah needs to succeed in academics and future careers. Master prompt engineering and ethical AI.,AI Skills Every Student Needs: Preparing for the Future of Work and Education,en,https://www.nitaqacademy.com/article/ai-skills-every-student-needs,,36862,
https://www.nitaqacademy.com/article/improve-english-better-jobs,200,https://www.nitaqacademy.com/article/improve-english-better-jobs,How to Improve English for Better Jobs in UAE | NITAQ ACADEMY,Discover how to improve your English for better jobs in Dubai and Sharjah. Boost your career with professional communication and Spoken English from NITAQ ACADEMY.,How to Improve Your English for Better Career Opportunities in the UAE,en,https://www.nitaqacademy.com/article/improve-english-better-jobs,,34782,
https://www.nitaqacademy.com/article/digital-marketing-seo-guide-uae,200,https://www.nitaqacademy.com/article/digital-marketing-seo-guide-uae,Digital Marketing & SEO Guide for the UAE 2026 | NITAQ ACADEMY,"A practical guide to digital marketing and SEO in the UAE: how search works, what skills employers want, and how to build a career in Sharjah and Dubai.",The Ultimate Guide to Mastering Digital Marketing in Dubai & Sharjah,en,https://www.nitaqacademy.com/article/digital-marketing-seo-guide-uae,,34554,
https://www.nitaqacademy.com/article/best-digital-marketing-course-uae,200,https://www.nitaqacademy.com/article/best-digital-marketing-course-uae,Best Digital Marketing Course in the UAE 2026 | NITAQ ACADEMY,"Compare the best digital marketing courses in the UAE: curriculum, certifications from Google and Meta, fees, and what to look for before you enrol.",Best Digital Marketing Course in UAE: How to Choose the Right Training Institute,en,https://www.nitaqacademy.com/article/best-digital-marketing-course-uae,,35965,
https://www.nitaqacademy.com/article/professional-digital-marketing-course-overview,200,https://www.nitaqacademy.com/article/professional-digital-marketing-course-overview,Professional Digital Marketing Course Overview | NITAQ ACADEMY,"An overview of NITAQ ACADEMY's professional digital marketing course in Sharjah: modules, hands-on projects, industry certifications, and career outcomes.","Professional Digital Marketing Course in Sharjah, UAE",en,https://www.nitaqacademy.com/article/professional-digital-marketing-course-overview,,37389,
https://www.nitaqacademy.com/article/how-to-choose-best-digital-marketing-institute-sharjah-dubai-uae,200,https://www.nitaqacademy.com/article/how-to-choose-best-digital-marketing-institute-sharjah-dubai-uae,"Best Digital Marketing Institute in Sharjah, Dubai & UAE","Learn how to choose the best digital marketing institute in Sharjah, Dubai and the UAE. Compare SEO, Google Ads, Meta Ads, social media and AI marketing training.","How to Choose the Best Digital Marketing Institute in Sharjah, Dubai and the UAE",en,https://www.nitaqacademy.com/article/how-to-choose-best-digital-marketing-institute-sharjah-dubai-uae,,83939,
https://www.nitaqacademy.com/article/why-hiring-digital-marketing-agency-transform-business,200,https://www.nitaqacademy.com/article/why-hiring-digital-marketing-agency-transform-business,Why Hiring a Digital Marketing Agency Transforms Business | Nitaq Academy,"Discover why hiring a digital marketing agency in Sharjah & Dubai transforms businesses. Complete guide to SEO, Google Ads, Meta Ads, AI SEO & ROI.",Why Hiring a Digital Marketing Agency Can Transform Your Business,en,https://www.nitaqacademy.com/article/why-hiring-digital-marketing-agency-transform-business,,68981,
https://www.nitaqacademy.com/article/complete-guide-best-tuition-classes-dubai-sharjah-uae,200,https://www.nitaqacademy.com/article/complete-guide-best-tuition-classes-dubai-sharjah-uae,"Complete Guide to Best Tuition Classes in Dubai, Sharjah & UAE | Nitaq Academy","Find the best tuition classes in Dubai, Sharjah & UAE. Complete guide for IGCSE, A Levels, IB, CBSE, Maths, Science & Arabic tutors.","The Complete Guide to Finding the Best Tuition Classes in Dubai, Sharjah & UAE",en,https://www.nitaqacademy.com/article/complete-guide-best-tuition-classes-dubai-sharjah-uae,,72559,
https://www.nitaqacademy.com/article/academic-excellence-tuition-dubai-sharjah-uae,200,https://www.nitaqacademy.com/article/academic-excellence-tuition-dubai-sharjah-uae,"Top Academic Tutors & School Tuition in Dubai & Sharjah, UAE | Maths, Science, English & Arabic","Best school tuition & academic tutors in UAE. Expert Arabic Tutors Dubai, English Tuition Sharjah, Maths Tuition UAE, Science Tutors Dubai & Physics Chemistry Biology Tuition Sharjah.","Top Academic Tutors & School Tuition in Dubai & Sharjah, UAE: The Complete Guide to Maths, Science, English & Arabic Excellence",en,https://www.nitaqacademy.com/article/academic-excellence-tuition-dubai-sharjah-uae,,56800,
https://www.nitaqacademy.com/article/best-tuition-classes-sharjah-dubai-guide,200,https://www.nitaqacademy.com/article/best-tuition-classes-sharjah-dubai-guide,"Best Tuition Classes in Sharjah & Dubai: IGCSE, CBSE & IB Guide | Nitaq Academy","How to choose the best tuition classes in Sharjah and Dubai. Expert parent guide on IGCSE, CBSE, and IB coaching in Maths, Science, English and Arabic.","How to Choose the Best Tuition Classes in Sharjah & Dubai: A Parent's Guide to IGCSE, CBSE & IB Success",en,https://www.nitaqacademy.com/article/best-tuition-classes-sharjah-dubai-guide,,46587,
https://www.nitaqacademy.com/article/comprehensive-subject-tuition-guide-sharjah-dubai-uae,200,https://www.nitaqacademy.com/article/comprehensive-subject-tuition-guide-sharjah-dubai-uae,"The Complete UAE Subject Tuition Guide: Maths, Sciences, Commerce & Humanities | Sharjah & Dubai","Master core academic subjects with expert tuition in Sharjah & Dubai. In-depth guide to Maths, Physics, Chemistry, Biology, Business Studies, Accountancy, and Economics across IGCSE, CBSE, A-Level & IB in UAE.","The Complete UAE Subject Tuition Guide: Mastering Mathematics, Sciences, Commerce & Humanities in Sharjah & Dubai",en,https://www.nitaqacademy.com/article/comprehensive-subject-tuition-guide-sharjah-dubai-uae,,45225,
https://www.nitaqacademy.com/article/digital-sat-preparation-guide-sharjah-dubai-uae,200,https://www.nitaqacademy.com/article/digital-sat-preparation-guide-sharjah-dubai-uae,Digital SAT Preparation Guide: Score 1500+ in Sharjah & Dubai (2026) | Nitaq Academy,"Complete guide to Digital SAT preparation in Sharjah, Dubai & UAE. Master Math with Desmos, Reading & Writing adaptive modules, official study plans, and score 1500+.",Digital SAT Preparation in Sharjah & Dubai: The Ultimate Roadmap to Scoring 1500+ in 2026,en,https://www.nitaqacademy.com/article/digital-sat-preparation-guide-sharjah-dubai-uae,,64012,
https://www.nitaqacademy.com/article/best-tuition-classes-near-me-sharjah,200,https://www.nitaqacademy.com/article/best-tuition-classes-near-me-sharjah,"Best Tuition Classes Near Me in Sharjah (2026): Al Majaz, Al Nahda, Muwaileh | Nitaq Academy","Looking for the best tuition classes near me in Sharjah? Complete guide to top school tuition in Al Majaz, Al Nahda, Muwaileh, Al Qasimia, Al Taawun & Al Khan. Expert tutors for CBSE, IGCSE, IB & American curricula.",Best Tuition Classes Near Me in Sharjah (2026): The Complete Neighborhood Guide to Top Coaching Centers,en,https://www.nitaqacademy.com/article/best-tuition-classes-near-me-sharjah,,53585,
https://www.nitaqacademy.com/article/free-digital-sat-diagnostic-assessment-guide,200,https://www.nitaqacademy.com/article/free-digital-sat-diagnostic-assessment-guide,Free Digital SAT Diagnostic Assessment & Self-Evaluation Guide (2026) | Nitaq Academy,"Take Nitaq Academy's free Digital SAT diagnostic test with 24 adaptive questions, instant domain performance analytics, score prediction, and step-by-step answer explanations.",Free Digital SAT Diagnostic Assessment & Self-Evaluation Guide (2026): Master the Adaptive Test & Predict Your ScoreFree SATDiagnostic Assessment,en,https://www.nitaqacademy.com/article/free-digital-sat-diagnostic-assessment-guide,,85856,
https://www.nitaqacademy.com/terms-and-conditions,200,https://www.nitaqacademy.com/terms-and-conditions,Terms & Conditions | NITAQ ACADEMY Sharjah,"Read the terms and conditions for course enrollment and services at NITAQ ACADEMY, operated by Nitaq Supportive Education Services LLC.",Terms & Conditions,en,https://www.nitaqacademy.com/terms-and-conditions,,21448,
https://www.nitaqacademy.com/privacy-policy,200,https://www.nitaqacademy.com/privacy-policy,Privacy Policy | NITAQ ACADEMY Sharjah,"Our privacy policy explains how NITAQ ACADEMY collects, uses, and protects student information in compliance with UAE data protection standards.",Privacy Policy – NITAQ ACADEMY,en,https://www.nitaqacademy.com/privacy-policy,,30638,
https://www.nitaqacademy.com/webinar/ai,200,https://www.nitaqacademy.com/webinar/ai,Free AI Webinar | Live Online Session | NITAQ ACADEMY Sharjah,"Join NITAQ ACADEMY's free live AI webinar: discover practical AI tools for work and study, every Sunday 7:30 PM UAE time. Register your seat now.",How to Use AI to Improve Business Efficiency & Reduce Costs,en,https://www.nitaqacademy.com/webinar/ai,,36077,
https://www.nitaqacademy.com/webinar/counselors,200,https://www.nitaqacademy.com/webinar/counselors,School Counselors Orientation | NITAQ ACADEMY Sharjah,"An orientation session for school counselors: how NITAQ ACADEMY supports students with SAT, IELTS and academic programs in Sharjah. Register to attend.",Exclusive Orientation For School Counselors,en,https://www.nitaqacademy.com/webinar/counselors,,23385,
https://www.nitaqacademy.com/sat/diagnostic,200,https://www.nitaqacademy.com/sat/diagnostic,"NITAQ ACADEMY Sharjah | IELTS, ACCA, AI & Language Courses","Top-rated training academy in Sharjah offering IELTS, TOEFL, ACCA, CMA, AI & language courses.",Free SATDiagnostic Assessment,en,https://www.nitaqacademy.com/sat/diagnostic,,52998,
https://www.nitaqacademy.com/sat/results,200,https://www.nitaqacademy.com/sat/results,"NITAQ ACADEMY Sharjah | IELTS, ACCA, AI & Language Courses","Top-rated training academy in Sharjah offering IELTS, TOEFL, ACCA, CMA, AI & language courses.",,en,https://www.nitaqacademy.com/sat/results,,15517,
https://www.nitaqacademy.com/ar,200,https://www.nitaqacademy.com/ar,أكاديمية نطاق الشارقة | دورات IELTS وACCA والذكاء الاصطناعي واللغات,أكاديمية تدريب رائدة في الشارقة تقدم دورات IELTS وTOEFL وACCA وCMA والذكاء الاصطناعي واللغات. مدربون خبراء ومواعيد مرنة. سجّل اليوم في أكاديمية نطاق.,المعهد الأول في الشارقة لدورات SAT وIELTS والذكاء الاصطناعي والدورات المهنية,ar,https://www.nitaqacademy.com/ar,,50755,
https://www.nitaqacademy.com/ar/about,200,https://www.nitaqacademy.com/ar/about,عن أكاديمية نطاق | مركز تدريب رائد في الشارقة,تعرّف على رسالة أكاديمية نطاق في تمكين المهنيين والطلاب في الشارقة من خلال تعليم عالمي المستوى وشهادات معتمدة.,About NITAQ ACADEMY,ar,https://www.nitaqacademy.com/ar/about,,31454,
https://www.nitaqacademy.com/ar/contact,200,https://www.nitaqacademy.com/ar/contact,تواصل مع أكاديمية نطاق الشارقة | اتصل بنا,تواصل مع أكاديمية نطاق في الشارقة: استفسارات الدورات والتسجيل والمواعيد. هاتف +971 52 756 9908 أو زُر مقرنا في المجاز 3.,Get in Touch,ar,https://www.nitaqacademy.com/ar/contact,,27283,
https://www.nitaqacademy.com/ar/courses,200,https://www.nitaqacademy.com/ar/courses,جميع الدورات | أكاديمية نطاق الشارقة,تصفح جميع دورات أكاديمية نطاق في الشارقة: التحضير للاختبارات الدولية، الشهادات المهنية، اللغات، والتدريب المؤسسي.,Courses by NITAQ ACADEMY,ar,https://www.nitaqacademy.com/ar/courses,,32392,
https://www.nitaqacademy.com/ar/articles,200,https://www.nitaqacademy.com/ar/articles,Articles & Educational Guides | NITAQ ACADEMY Sharjah,"Expert SAT coaching Sharjah, IELTS training UAE, and professional career insights from NITAQ ACADEMY - the leading training institute in Sharjah. Stay ahead with our guides.",Educational Insights & Guides,ar,https://www.nitaqacademy.com/ar/articles,,47116,
https://www.nitaqacademy.com/ar/test-preparations,200,https://www.nitaqacademy.com/ar/test-preparations,دورات التحضير للاختبارات في الشارقة | SAT وIELTS وGMAT | أكاديمية نطاق,دورات تحضيرية متخصصة لاختبارات SAT وIELTS وTOEFL وPTE وGMAT وGRE في الشارقة مع مدربين خبراء ونتائج مضمونة.,Ace Your Exams,ar,https://www.nitaqacademy.com/ar/test-preparations,,24978,
https://www.nitaqacademy.com/ar/language-trainings,200,https://www.nitaqacademy.com/ar/language-trainings,دورات اللغات في الشارقة | الإنجليزية والعربية والفرنسية | أكاديمية نطاق,تعلّم لغة جديدة في الشارقة: الإنجليزية المحادثة، العربية، الفرنسية، الألمانية، والإسبانية مع مدربين متخصصين.,Master New Languages,ar,https://www.nitaqacademy.com/ar/language-trainings,,25731,
https://www.nitaqacademy.com/ar/professional-certifications,200,https://www.nitaqacademy.com/ar/professional-certifications,الشهادات المهنية في الشارقة | ACCA وCMA والذكاء الاصطناعي | أكاديمية نطاق,احصل على شهادات مهنية معتمدة عالمياً في الشارقة: ACCA وCMA وCPA والذكاء الاصطناعي والتسويق الرقمي وإدارة الموارد البشرية.,Professional Certifications,ar,https://www.nitaqacademy.com/ar/professional-certifications,,30500,
https://www.nitaqacademy.com/ar/corporate-trainings,200,https://www.nitaqacademy.com/ar/corporate-trainings,التدريب المؤسسي في الشارقة والإمارات | أكاديمية نطاق,حلول تدريب مؤسسي مصممة خصيصاً للشركات في الإمارات لتطوير مهارات فرق العمل ورفع الأداء المؤسسي.,Corporate Enablement,ar,https://www.nitaqacademy.com/ar/corporate-trainings,,25389,
https://www.nitaqacademy.com/ar/finance-courses,200,https://www.nitaqacademy.com/ar/finance-courses,"Finance Courses Sharjah | ACCA, CMA, CPA | NITAQ ACADEMY","Explore top professional finance certifications at NITAQ ACADEMY Sharjah. We offer expert coaching for ACCA, CMA, and CPA passing guarantee.",Finance Specializations,ar,https://www.nitaqacademy.com/ar/finance-courses,,22355,
https://www.nitaqacademy.com/ar/sat-preparation-sharjah,200,https://www.nitaqacademy.com/ar/sat-preparation-sharjah,دورة SAT في الشارقة | تدريب متخصص لدرجات أعلى | أكاديمية نطاق,التحضير لاختبار SAT في الشارقة: استراتيجيات مثبتة، اختبارات محاكاة، ومتابعة فردية لتحقيق 1300+ ودخول أفضل الجامعات.,Prepare with Purpose.Achieve Your SAT Goals.Free SATDiagnostic Assessment,ar,https://www.nitaqacademy.com/ar/sat-preparation-sharjah,,50099,
https://www.nitaqacademy.com/ar/sat-preparation-dubai,200,https://www.nitaqacademy.com/ar/sat-preparation-dubai,SAT Preparation Dubai | 1400+ Guaranteed | NITAQ ACADEMY,"Master the Digital SAT with elite coaching accessible from Dubai. Score 1400+ with native strategies, mock tests, and top-tier instructors.",Prepare with Purpose.Achieve Your SAT Goals.Free SATDiagnostic Assessment,ar,https://www.nitaqacademy.com/ar/sat-preparation-dubai,,46091,
https://www.nitaqacademy.com/ar/ielts-course,200,https://www.nitaqacademy.com/ar/ielts-course,دورة IELTS في الشارقة | ضمان بند 7+ | أكاديمية نطاق,دورة تحضيرية لاختبار IELTS في الشارقة بقسميه الأكاديمي والعام: خطط دراسية مخصصة واختبارات تجريبية أسبوعية مع مدربين خبراء.,IELTS - International English Language Testing System,ar,https://www.nitaqacademy.com/ar/ielts-course,,33749,
https://www.nitaqacademy.com/ar/ielts-coaching-dubai,200,https://www.nitaqacademy.com/ar/ielts-coaching-dubai,IELTS Coaching Dubai | Band 7+ Guaranteed | NITAQ ACADEMY,"Achieve IELTS Band 7+ with elite preparation for Dubai residents. Flexible batches, expert trainers, and mock tests for Academic and General modules.",IELTS - International English Language Testing System,ar,https://www.nitaqacademy.com/ar/ielts-coaching-dubai,,31660,
https://www.nitaqacademy.com/ar/gre-preparation,200,https://www.nitaqacademy.com/ar/gre-preparation,GRE Preparation Course Sharjah | Graduate School Coaching UAE | NITAQ ACADEMY,"Score high on the GRE with NITAQ ACADEMY's expert coaching in Sharjah. 10 mock tests, Quant, Verbal & AWA training. SPEA Authorized. Online & offline GRE prep UAE.",GRE Preparation,ar,https://www.nitaqacademy.com/ar/gre-preparation,,34572,
https://www.nitaqacademy.com/ar/gmat-preparation,200,https://www.nitaqacademy.com/ar/gmat-preparation,GMAT Preparation Course Sharjah | MBA Exam Coaching UAE | NITAQ ACADEMY,"Master the GMAT with NITAQ ACADEMY's expert coaching in Sharjah. 10 mock tests, Quant, Verbal & AWA training for top MBA admission. SPEA Authorized. Online & offline GMAT prep UAE.",GMAT Preparation,ar,https://www.nitaqacademy.com/ar/gmat-preparation,,34812,
https://www.nitaqacademy.com/ar/toefl-course,200,https://www.nitaqacademy.com/ar/toefl-course,TOEFL Preparation Course Sharjah | TOEFL iBT Coaching UAE | NITAQ ACADEMY,"Ace the TOEFL iBT with NITAQ ACADEMY expert coaching in Sharjah. Reading, Listening, Speaking & Writing preparation with mock tests. SPEA Authorized. Online & offline UAE.",TOEFL - Test of English as a Foreign Language,ar,https://www.nitaqacademy.com/ar/toefl-course,,33180,
https://www.nitaqacademy.com/ar/pte-course,200,https://www.nitaqacademy.com/ar/pte-course,PTE Academic Preparation Course Sharjah | PTE Coaching UAE | NITAQ ACADEMY,"Score high on PTE Academic with NITAQ ACADEMY coaching in Sharjah. Comprehensive Speaking, Writing, Reading & Listening preparation. Online & offline batches. SPEA Authorized.",PTE - Pearson Test of English,ar,https://www.nitaqacademy.com/ar/pte-course,,33807,
https://www.nitaqacademy.com/ar/acca-course,200,https://www.nitaqacademy.com/ar/acca-course,ACCA Course Sharjah | Chartered Accountant Coaching UAE | NITAQ ACADEMY,"ACCA qualification coaching in Sharjah at NITAQ ACADEMY. Expert tutors for all levels — Applied Knowledge, Skills & Strategic Professional. SPEA Authorized. Online & offline.",ACCA - Association of Chartered Certified Accountants,ar,https://www.nitaqacademy.com/ar/acca-course,,33356,
https://www.nitaqacademy.com/ar/cma-course,200,https://www.nitaqacademy.com/ar/cma-course,CMA Course Sharjah | Certified Management Accountant Coaching UAE | Nitaq,CMA (Certified Management Accountant) preparation at NITAQ ACADEMY Sharjah. Expert IMA CMA exam coaching. SPEA Authorized. Online & offline batches available UAE.,CMA - Certified Management Accountant,ar,https://www.nitaqacademy.com/ar/cma-course,,33675,
https://www.nitaqacademy.com/ar/cpa-course,200,https://www.nitaqacademy.com/ar/cpa-course,CPA Course Sharjah | Certified Public Accountant Training UAE | NITAQ ACADEMY,CPA (Certified Public Accountant) preparation at NITAQ ACADEMY Sharjah. Expert AICPA CPA exam coaching with comprehensive practice materials. SPEA Authorized.,CPA - Certified Public Accountant,ar,https://www.nitaqacademy.com/ar/cpa-course,,32585,
https://www.nitaqacademy.com/ar/uae-vat,200,https://www.nitaqacademy.com/ar/uae-vat,UAE VAT Course Sharjah | VAT Training & Certification UAE | NITAQ ACADEMY,"UAE VAT training at NITAQ ACADEMY Sharjah. Practical VAT compliance, registration, and filing training for businesses & professionals. Online & offline batches. SPEA Authorized.",UAE VAT Course,ar,https://www.nitaqacademy.com/ar/uae-vat,,33007,
https://www.nitaqacademy.com/ar/uae-corporate-tax,200,https://www.nitaqacademy.com/ar/uae-corporate-tax,UAE Corporate Tax Course Sharjah | CT Training UAE | NITAQ ACADEMY,"UAE Corporate Tax training at NITAQ ACADEMY Sharjah. Understand CT compliance, registration & filing for businesses. Practical training for finance professionals. SPEA Authorized.",UAE Corporate Tax Course,ar,https://www.nitaqacademy.com/ar/uae-corporate-tax,,33478,
https://www.nitaqacademy.com/ar/ai-course,200,https://www.nitaqacademy.com/ar/ai-course,دورة الذكاء الاصطناعي في الشارقة | من الأساسيات إلى الاحتراف | أكاديمية نطاق,أتقن أدوات الذكاء الاصطناعي عملياً في الشارقة: من الأساسيات إلى التطبيقات المتقدمة للعمل والدراسة، مع شهادة معتمدة.,Basic to Advance A.I Course,ar,https://www.nitaqacademy.com/ar/ai-course,,33801,
https://www.nitaqacademy.com/ar/power-bi-excel,200,https://www.nitaqacademy.com/ar/power-bi-excel,Power BI & Excel Course Sharjah | Data Analytics Training UAE | NITAQ ACADEMY,"Master Power BI and Advanced Excel at NITAQ ACADEMY Sharjah. Data visualization, dashboards, and analytics training for professionals. Online & offline batches UAE.",Power BI & Advanced Excel,ar,https://www.nitaqacademy.com/ar/power-bi-excel,,35032,
https://www.nitaqacademy.com/ar/chrm,200,https://www.nitaqacademy.com/ar/chrm,CHRM Course Sharjah | Certified HR Manager Training UAE | NITAQ ACADEMY,CHRM (Certified HR Manager) preparation at NITAQ ACADEMY Sharjah. Build strategic HR leadership skills with our expert-led CHRM coaching. Online & offline batches UAE.,CHRM - Certified Human Resource Manager,ar,https://www.nitaqacademy.com/ar/chrm,,32701,
https://www.nitaqacademy.com/ar/hrm-courses,200,https://www.nitaqacademy.com/ar/hrm-courses,HRM Course Sharjah | Human Resource Management Training UAE | NITAQ ACADEMY,Human Resource Management (HRM) training at NITAQ ACADEMY Sharjah. Practical HR skills for professionals. Online & offline batches UAE. SPEA Authorized.,HRM - Human Resource Management,ar,https://www.nitaqacademy.com/ar/hrm-courses,,33560,
https://www.nitaqacademy.com/ar/sales-negotiations,200,https://www.nitaqacademy.com/ar/sales-negotiations,Sales & Negotiations Training Sharjah | Business Skills UAE | NITAQ ACADEMY,"Sales and negotiations training at NITAQ ACADEMY Sharjah. Master persuasion, deal-closing, and negotiation strategies for business success. Online & offline batches UAE.",Sales & Negotiations,ar,https://www.nitaqacademy.com/ar/sales-negotiations,,34030,
https://www.nitaqacademy.com/ar/professional-marketing-course,200,https://www.nitaqacademy.com/ar/professional-marketing-course,Professional Marketing Course Sharjah | Best Marketing Training UAE,"Top-rated Professional Marketing Course in Sharjah. Learn Branding, Strategy & Customer Psychology. Perfect for beginners and entrepreneurs. Online & Offline UAE.","Professional Marketing Course in Sharjah, UAE",ar,https://www.nitaqacademy.com/ar/professional-marketing-course,,32753,
https://www.nitaqacademy.com/ar/courses/professional-digital-marketing-course-sharjah-uae,200,https://www.nitaqacademy.com/ar/courses/professional-digital-marketing-course-sharjah-uae,Digital Marketing Course in Sharjah | NITAQ Academy,"Become a certified marketer with the best Digital Marketing Course in Sharjah. Practical training in SEO, Google Ads, Meta Ads & AI. Enroll at NITAQ today!","Professional Digital Marketing Course in Sharjah, UAE",ar,https://www.nitaqacademy.com/ar/courses/professional-digital-marketing-course-sharjah-uae,,74231,
https://www.nitaqacademy.com/ar/software-engineering-diploma-sharjah,200,https://www.nitaqacademy.com/ar/software-engineering-diploma-sharjah,Software Engineering Diploma in Sharjah | Software Development Course UAE | Nitaq Academy,"Join Nitaq Academy's Software Engineering Diploma in Sharjah. Learn programming, software development, databases, algorithms, OOP, software architecture, debugging, testing, Git, and modern software engineering practices. SPEA Certified training in UAE.",Software Engineering Diploma in Sharjah,ar,https://www.nitaqacademy.com/ar/software-engineering-diploma-sharjah,,63897,
https://www.nitaqacademy.com/ar/cybersecurity-course-sharjah,200,https://www.nitaqacademy.com/ar/cybersecurity-course-sharjah,Cybersecurity Course Sharjah | Ethical Hacking UAE | Nitaq,"Learn ethical hacking and cybersecurity in Sharjah. CyberShield program for beginners. Master Kali Linux, Metasploit, Wireshark. Online & offline batches near me.",Cybersecurity Foundations & Ethical Hacking,ar,https://www.nitaqacademy.com/ar/cybersecurity-course-sharjah,,36113,
https://www.nitaqacademy.com/ar/cpcd-courses,200,https://www.nitaqacademy.com/ar/cpcd-courses,CPCD Course Sharjah | Professional CP Training UAE | NITAQ ACADEMY,CPCD professional certification training at NITAQ ACADEMY Sharjah. Expert coaching for CPCD exams. Online & offline batches available UAE. SPEA Authorized.,CPCD - Certified Professional in Career Development,ar,https://www.nitaqacademy.com/ar/cpcd-courses,,32558,
https://www.nitaqacademy.com/ar/data-management,200,https://www.nitaqacademy.com/ar/data-management,Data Management Course Sharjah | Database & Analytics Training UAE | Nitaq,"Data management training at NITAQ ACADEMY Sharjah. Learn database management, data analysis, SQL, and business intelligence tools. Online & offline batches UAE.",Certified Data Management Professional,ar,https://www.nitaqacademy.com/ar/data-management,,32803,
https://www.nitaqacademy.com/ar/soft-skills-training,200,https://www.nitaqacademy.com/ar/soft-skills-training,Soft Skills Training Sharjah | Communication & Leadership UAE | NITAQ ACADEMY,"Soft skills training at NITAQ ACADEMY Sharjah. Build communication, leadership, emotional intelligience & teamwork skills for career growth. Online & offline batches UAE.",Soft Skills Training,ar,https://www.nitaqacademy.com/ar/soft-skills-training,,33984,
https://www.nitaqacademy.com/ar/spoken-english,200,https://www.nitaqacademy.com/ar/spoken-english,Spoken English Course Sharjah | English Communication Training UAE | Nitaq,"Improve your Spoken English at NITAQ ACADEMY Sharjah. Build fluency, confidence & professional communication skills. Flexible online & offline English batches UAE.",Spoken English Course,ar,https://www.nitaqacademy.com/ar/spoken-english,,33791,
https://www.nitaqacademy.com/ar/spoken-arabic,200,https://www.nitaqacademy.com/ar/spoken-arabic,Spoken Arabic Course Sharjah | Arabic Language Training UAE | NITAQ ACADEMY,"Learn Spoken Arabic at NITAQ ACADEMY Sharjah. Conversational Arabic for UAE daily life, business & culture. Flexible online & offline batches. SPEA Authorized.",Spoken Arabic Course,ar,https://www.nitaqacademy.com/ar/spoken-arabic,,33844,
https://www.nitaqacademy.com/ar/french,200,https://www.nitaqacademy.com/ar/french,French Language Course Sharjah | DELF/DALF Preparation UAE | NITAQ ACADEMY,"Learn French at all levels (A1–C2) at NITAQ ACADEMY Sharjah. DELF/DALF exam prep, immersive teaching, flexible online & offline batches. CEFR-aligned curriculum. SPEA Authorized.",French Language Course,ar,https://www.nitaqacademy.com/ar/french,,34017,
https://www.nitaqacademy.com/ar/german,200,https://www.nitaqacademy.com/ar/german,German Language Course Sharjah | Goethe/TestDaF Prep UAE | NITAQ ACADEMY,"Learn German (A1–C2) at NITAQ ACADEMY Sharjah. Goethe/TestDaF exam prep, immersive teaching, flexible online & offline batches. CEFR-aligned curriculum. SPEA Authorized.",German Language Course,ar,https://www.nitaqacademy.com/ar/german,,33850,
https://www.nitaqacademy.com/ar/spanish,200,https://www.nitaqacademy.com/ar/spanish,Spanish Language Course Sharjah | DELE Preparation UAE | NITAQ ACADEMY,"Learn Spanish (A1–C2) at NITAQ ACADEMY Sharjah. DELE exam prep, immersive teaching, flexible online & offline batches. CEFR-aligned curriculum. SPEA Authorized.",Spanish Language Course,ar,https://www.nitaqacademy.com/ar/spanish,,33702,
https://www.nitaqacademy.com/ar/academic-excellence,200,https://www.nitaqacademy.com/ar/academic-excellence,"Academic Excellence Sharjah | IGCSE, A-Level & IB Tuition | Nitaq Academy","Leading academic excellence & school tuition in Sharjah. Expert IGCSE classes, A-Level tuition, IB tutoring, Maths, Science & English support in Al Majaz 3, Sharjah.",Academic Excellence in Sharjah,ar,https://www.nitaqacademy.com/ar/academic-excellence,,47144,
https://www.nitaqacademy.com/ar/maths-tuition-sharjah,200,https://www.nitaqacademy.com/ar/maths-tuition-sharjah,"Maths Tuition in Sharjah & Dubai | Class 1 to 12, IGCSE, A-Level & CBSE | Nitaq UAE","Expert Maths tuition in Sharjah, Dubai & UAE for Class 1-12. Specialized IGCSE maths tuition, A-Level & Class 10 CBSE coaching in Al Majaz 3, Sharjah & online UAE.",Maths Tuition in Sharjah,ar,https://www.nitaqacademy.com/ar/maths-tuition-sharjah,,53975,
https://www.nitaqacademy.com/ar/science-tuition-sharjah,200,https://www.nitaqacademy.com/ar/science-tuition-sharjah,"Science Tuition in Sharjah & Dubai | Physics, Chemistry, Biology Class 1-12 | Nitaq UAE","Top-rated Science tuition in Sharjah & Dubai for Class 1-12. Specialized Physics, Chemistry & Biology coaching for IGCSE, A-Level, IB & CBSE in Al Majaz 3, Sharjah & Online UAE.",Science Tuition in Sharjah,ar,https://www.nitaqacademy.com/ar/science-tuition-sharjah,,54865,
https://www.nitaqacademy.com/ar/physics-tuition-sharjah,200,https://www.nitaqacademy.com/ar/physics-tuition-sharjah,"Physics Tuition in Sharjah & Dubai | IGCSE, A-Level, IB & CBSE Class 8-12 | Nitaq UAE","Top-rated Physics tuition in Sharjah, Dubai & UAE for Class 8-12. Cambridge IGCSE (0625), Edexcel A-Level, IB Physics HL/SL & CBSE Class 11-12 in Al Majaz 3, Sharjah & Online UAE.",Physics Tuition in Sharjah,ar,https://www.nitaqacademy.com/ar/physics-tuition-sharjah,,55075,
https://www.nitaqacademy.com/ar/chemistry-tuition-sharjah,200,https://www.nitaqacademy.com/ar/chemistry-tuition-sharjah,"Chemistry Tuition in Sharjah & Dubai | IGCSE, A-Level, IB & CBSE Class 8-12 | Nitaq UAE","Expert Chemistry tuition in Sharjah, Dubai & UAE for Class 8-12. Cambridge IGCSE (0620), Edexcel A-Level, IB Chemistry HL/SL & CBSE Class 11-12 in Al Majaz 3, Sharjah & Online UAE.",Chemistry Tuition in Sharjah,ar,https://www.nitaqacademy.com/ar/chemistry-tuition-sharjah,,54876,
https://www.nitaqacademy.com/ar/biology-tuition-sharjah,200,https://www.nitaqacademy.com/ar/biology-tuition-sharjah,"Biology Tuition in Sharjah & Dubai | IGCSE, A-Level, IB & CBSE Class 8-12 | Nitaq UAE","Premier Biology tuition in Sharjah, Dubai & UAE for Class 8-12. Cambridge IGCSE (0610), Edexcel A-Level, IB Biology HL/SL & CBSE NEET Foundation in Al Majaz 3, Sharjah & Online UAE.",Biology Tuition in Sharjah,ar,https://www.nitaqacademy.com/ar/biology-tuition-sharjah,,54908,
https://www.nitaqacademy.com/ar/business-studies-tuition-sharjah,200,https://www.nitaqacademy.com/ar/business-studies-tuition-sharjah,"Business Studies Tuition in Sharjah & Dubai | IGCSE, A-Level & CBSE Class 9-12 | Nitaq UAE","Expert Business Studies tuition in Sharjah, Dubai & UAE for Class 9-12. Cambridge IGCSE (0450), Edexcel A-Level, IB Business Management & CBSE Class 11-12 in Al Majaz 3, Sharjah & Online UAE.",Business Studies Tuition in Sharjah,ar,https://www.nitaqacademy.com/ar/business-studies-tuition-sharjah,,55493,
https://www.nitaqacademy.com/ar/accountancy-tuition-sharjah,200,https://www.nitaqacademy.com/ar/accountancy-tuition-sharjah,"Accountancy Tuition in Sharjah & Dubai | CBSE Class 11-12, IGCSE & A-Level | Nitaq UAE","Specialized Accountancy tuition in Sharjah, Dubai & UAE for Class 10-12. CBSE Class 11-12 Accountancy, Cambridge IGCSE Accounting (0452) & Edexcel A-Level in Al Majaz 3, Sharjah & Online UAE.",Accountancy Tuition in Sharjah,ar,https://www.nitaqacademy.com/ar/accountancy-tuition-sharjah,,54984,
https://www.nitaqacademy.com/ar/economics-tuition-sharjah,200,https://www.nitaqacademy.com/ar/economics-tuition-sharjah,"Economics Tuition in Sharjah & Dubai | IGCSE, A-Level, IB & CBSE Class 9-12 | Nitaq UAE","Expert Economics tuition in Sharjah, Dubai & UAE for Class 9-12. Cambridge IGCSE (0455), Edexcel A-Level, IB Economics HL/SL & CBSE Class 11-12 in Al Majaz 3, Sharjah & Online UAE.",Economics Tuition in Sharjah,ar,https://www.nitaqacademy.com/ar/economics-tuition-sharjah,,55307,
https://www.nitaqacademy.com/ar/english-tuition-sharjah,200,https://www.nitaqacademy.com/ar/english-tuition-sharjah,"English Tuition in Sharjah & Dubai | Grammar, Writing, IGCSE & CBSE Class 1-12 | Nitaq UAE","Premier English tuition in Sharjah, Dubai & UAE for Class 1-12. Grammar classes, essay writing, comprehension & IGCSE English coaching in Al Majaz 3, Sharjah & online UAE.",English Tuition in Sharjah,ar,https://www.nitaqacademy.com/ar/english-tuition-sharjah,,54250,
https://www.nitaqacademy.com/ar/social-science-tuition-sharjah,200,https://www.nitaqacademy.com/ar/social-science-tuition-sharjah,"Social Science Tuition in Sharjah & Dubai | History, Geography, Civics Class 1-12 | Nitaq UAE","Expert Social Science (SST) tuition in Sharjah, Dubai & UAE for Class 1-12. History, Geography, Civics & Economics coaching for CBSE, IGCSE & IB in Al Majaz 3, Sharjah & Online UAE.",Social Science Tuition in Sharjah,ar,https://www.nitaqacademy.com/ar/social-science-tuition-sharjah,,53888,
https://www.nitaqacademy.com/ar/foundation-jee-neet,200,https://www.nitaqacademy.com/ar/foundation-jee-neet,JEE/NEET Foundation Course Sharjah | Indian Entrance Exam Prep UAE | Nitaq,JEE and NEET foundation preparation at NITAQ ACADEMY Sharjah. Expert coaching for Indian competitive entrance exams for UAE-based students. Online & offline batches.,Foundation for JEE/NEET,ar,https://www.nitaqacademy.com/ar/foundation-jee-neet,,34844,
https://www.nitaqacademy.com/ar/ai-robotics-kids,200,https://www.nitaqacademy.com/ar/ai-robotics-kids,AI & Robotics for Kids Sharjah | STEM Education UAE | NITAQ ACADEMY,"AI and Robotics training for kids at NITAQ ACADEMY Sharjah. Fun, hands-on STEM education in coding, robotics & artificial intelligence tools for children aged 7–15 in UAE.",A.I & Robotics for Kids,ar,https://www.nitaqacademy.com/ar/ai-robotics-kids,,32831,
https://www.nitaqacademy.com/ar/article/sat-coaching-sharjah,200,https://www.nitaqacademy.com/ar/article/sat-coaching-sharjah,SAT Coaching in Sharjah: A Complete Guide to Scoring Higher in 2026 | NITAQ ACADEMY,"Master the SAT in Sharjah with our updated 2026 guide. Learn about SAT structure, common challenges, and effective strategies for success.",SAT Coaching in Sharjah: A Complete Guide to Scoring Higher in 2026,ar,https://www.nitaqacademy.com/ar/article/sat-coaching-sharjah,,27236,
https://www.nitaqacademy.com/ar/article/sat-score-1300-guide,200,https://www.nitaqacademy.com/ar/article/sat-score-1300-guide,SAT Coaching in Sharjah: How to Score 1300+ in 2026 | NITAQ ACADEMY,"Learn the exact strategies to score 1300+ on the Digital SAT in Sharjah. Our 2026 guide covers section-wise tips, timing, and preparation methods.",SAT Coaching in Sharjah: How to Score 1300+ in 2026,ar,https://www.nitaqacademy.com/ar/article/sat-score-1300-guide,,25912,
https://www.nitaqacademy.com/ar/article/sat-vs-ielts-guide,200,https://www.nitaqacademy.com/ar/article/sat-vs-ielts-guide,SAT vs IELTS: Which Exam Do You Need for Studying Abroad? | NITAQ ACADEMY,Confused between SAT and IELTS? Our comprehensive comparison guide helps students in the UAE choose the right exam for their international university applications.,SAT vs IELTS: Which Exam Do You Need for Studying Abroad?,ar,https://www.nitaqacademy.com/ar/article/sat-vs-ielts-guide,,25659,
https://www.nitaqacademy.com/ar/article/common-sat-mistakes,200,https://www.nitaqacademy.com/ar/article/common-sat-mistakes,Common SAT Mistakes Students in UAE Make & How to Avoid Them | NITAQ ACADEMY,Identify and avoid the most common SAT mistakes made by students in Sharjah and Dubai. Expert tips to improve your digital SAT performance.,Common SAT Mistakes Students in UAE Make and How to Avoid Them,ar,https://www.nitaqacademy.com/ar/article/common-sat-mistakes,,25948,
https://www.nitaqacademy.com/ar/article/ielts-dubai-guide,200,https://www.nitaqacademy.com/ar/article/ielts-dubai-guide,IELTS Coaching in Dubai: A Complete Preparation Guide | NITAQ ACADEMY,"Your definitive guide to IELTS coaching in Dubai and Sharjah. Learn about the test format, key preparation strategies, and how to achieve a high band score.",IELTS Coaching in Dubai: A Complete Preparation Guide,ar,https://www.nitaqacademy.com/ar/article/ielts-dubai-guide,,25924,
https://www.nitaqacademy.com/ar/article/improve-ielts-band-score,200,https://www.nitaqacademy.com/ar/article/improve-ielts-band-score,How to Improve Your IELTS Band Score with Structured Training | NITAQ ACADEMY,Stuck at a 6.0 band score? Learn how to push your IELTS result to 7.5 or 8.0 with structured training techniques focused on the UAE exam standards.,How to Improve Your IELTS Band Score with Structured Training,ar,https://www.nitaqacademy.com/ar/article/improve-ielts-band-score,,25682,
https://www.nitaqacademy.com/ar/article/professional-courses-sharjah-growth,200,https://www.nitaqacademy.com/ar/article/professional-courses-sharjah-growth,Why Professional Courses in Sharjah Are Important for Career Growth | NITAQ ACADEMY,Discover how professional courses in Sharjah can accelerate your career in the competitive UAE market. Learn about the most in-demand skills and certifications.,Why Professional Courses in Sharjah Are Important for Career Growth,ar,https://www.nitaqacademy.com/ar/article/professional-courses-sharjah-growth,,26126,
https://www.nitaqacademy.com/ar/article/acca-coaching-uae-benefits,200,https://www.nitaqacademy.com/ar/article/acca-coaching-uae-benefits,ACCA Coaching in UAE: Career Opportunities & Benefits | NITAQ ACADEMY,"Unlock your potential in finance with ACCA coaching in UAE. Learn about exam benefits, career paths in Dubai/Sharjah, and how to become a certified accountant.",ACCA Coaching in UAE: Career Opportunities and Benefits,ar,https://www.nitaqacademy.com/ar/article/acca-coaching-uae-benefits,,26196,
https://www.nitaqacademy.com/ar/article/ai-courses-sharjah-essential,200,https://www.nitaqacademy.com/ar/article/ai-courses-sharjah-essential,AI Courses in Sharjah: Why Learning AI Is Essential in 2026 | NITAQ ACADEMY,Discover why AI literacy is the most critical skill for 2026. Learn about the best AI courses in Sharjah and how Artificial Intelligence is transforming the UAE job market.,AI Courses in Sharjah: Why Learning AI Is Essential in 2026,ar,https://www.nitaqacademy.com/ar/article/ai-courses-sharjah-essential,,26236,
https://www.nitaqacademy.com/ar/article/best-training-institute-sharjah,200,https://www.nitaqacademy.com/ar/article/best-training-institute-sharjah,Best Training Institute in Sharjah for Career & Academic Success | NITAQ ACADEMY,"Looking for the best training institute in Sharjah? Discover why NITAQ ACADEMY is the leading center for SAT, IELTS, and professional certifications in the UAE.",Best Training Institute in Sharjah for Career and Academic Success,ar,https://www.nitaqacademy.com/ar/article/best-training-institute-sharjah,,26148,
https://www.nitaqacademy.com/ar/article/choose-right-course-uae,200,https://www.nitaqacademy.com/ar/article/choose-right-course-uae,How to Choose the Right Course in UAE for Your Career Goals | NITAQ ACADEMY,Unsure which professional course to take? Use our expert guide to align your skills with the UAE job market and choose the right certification for career success.,How to Choose the Right Course in UAE for Your Career Goals,ar,https://www.nitaqacademy.com/ar/article/choose-right-course-uae,,26088,
https://www.nitaqacademy.com/ar/article/top-skills-uae-2026,200,https://www.nitaqacademy.com/ar/article/top-skills-uae-2026,Top Skills UAE 2026: Career Success & High-Income Skills | NITAQ ACADEMY,"Master the top skills UAE 2026 demands. Explore why AI, Digital Marketing, and Data Analytics are the best skills for students and professionals in Dubai & Sharjah.",Top Skills UAE 2026: The Ultimate Guide to Career Success in the Emirates,ar,https://www.nitaqacademy.com/ar/article/top-skills-uae-2026,,39882,
https://www.nitaqacademy.com/ar/article/best-ai-courses-dubai,200,https://www.nitaqacademy.com/ar/article/best-ai-courses-dubai,Best AI Course Dubai: Master Artificial Intelligence in 2026 | NITAQ ACADEMY,"Discover the best AI course Dubai offers at NITAQ ACADEMY. Master prompt engineering, Generative AI, and automation in our expert-led tech programs.",Best AI Courses in Dubai: Mastering the Future of Innovation,ar,https://www.nitaqacademy.com/ar/article/best-ai-courses-dubai,,35117,
https://www.nitaqacademy.com/ar/article/why-not-getting-hired-uae,200,https://www.nitaqacademy.com/ar/article/why-not-getting-hired-uae,Why You Are Not Getting Hired in UAE: 5 Common Mistakes | NITAQ ACADEMY,"Struggling to find a job in Dubai or Sharjah? Discover why you are not getting hired in UAE and how to fix your CV, certifications, and networking strategy.",Why You Are Not Getting Hired in UAE: 5 Common Mistakes & How to Fix Them,ar,https://www.nitaqacademy.com/ar/article/why-not-getting-hired-uae,,33743,
https://www.nitaqacademy.com/ar/article/best-professional-certifications-uae,200,https://www.nitaqacademy.com/ar/article/best-professional-certifications-uae,Best Professional Certifications UAE for Career Growth | NITAQ ACADEMY,"Discover the best professional certifications UAE and Sharjah offers. Accelerate your career with ACCA, HR, AI, and Tax certifications at NITAQ ACADEMY.",Best Professional Certifications UAE: Accelerating Your Career Growth in 2026,ar,https://www.nitaqacademy.com/ar/article/best-professional-certifications-uae,,38614,
https://www.nitaqacademy.com/ar/article/digital-marketing-salary-increase-uae,200,https://www.nitaqacademy.com/ar/article/digital-marketing-salary-increase-uae,How Digital Marketing Can Increase Your Salary | NITAQ ACADEMY,"Discover how a Digital Marketing course in Dubai, Sharjah, and the UAE can significantly boost your salary and career growth. Learn high-demand skills today.",How Digital Marketing Can Increase Your Salary: A Guide for Professionals in UAE,ar,https://www.nitaqacademy.com/ar/article/digital-marketing-salary-increase-uae,,36120,
https://www.nitaqacademy.com/ar/article/ai-skills-every-student-needs,200,https://www.nitaqacademy.com/ar/article/ai-skills-every-student-needs,AI Skills Every Student Needs in 2026 | NITAQ ACADEMY,Explore the essential AI skills every student in Dubai and Sharjah needs to succeed in academics and future careers. Master prompt engineering and ethical AI.,AI Skills Every Student Needs: Preparing for the Future of Work and Education,ar,https://www.nitaqacademy.com/ar/article/ai-skills-every-student-needs,,35984,
https://www.nitaqacademy.com/ar/article/improve-english-better-jobs,200,https://www.nitaqacademy.com/ar/article/improve-english-better-jobs,How to Improve English for Better Jobs in UAE | NITAQ ACADEMY,Discover how to improve your English for better jobs in Dubai and Sharjah. Boost your career with professional communication and Spoken English from NITAQ ACADEMY.,How to Improve Your English for Better Career Opportunities in the UAE,ar,https://www.nitaqacademy.com/ar/article/improve-english-better-jobs,,33845,
https://www.nitaqacademy.com/ar/article/digital-marketing-seo-guide-uae,200,https://www.nitaqacademy.com/ar/article/digital-marketing-seo-guide-uae,Digital Marketing & SEO Guide for the UAE 2026 | NITAQ ACADEMY,"A practical guide to digital marketing and SEO in the UAE: how search works, what skills employers want, and how to build a career in Sharjah and Dubai.",The Ultimate Guide to Mastering Digital Marketing in Dubai & Sharjah,ar,https://www.nitaqacademy.com/ar/article/digital-marketing-seo-guide-uae,,33620,
https://www.nitaqacademy.com/ar/article/best-digital-marketing-course-uae,200,https://www.nitaqacademy.com/ar/article/best-digital-marketing-course-uae,Best Digital Marketing Course in the UAE 2026 | NITAQ ACADEMY,"Compare the best digital marketing courses in the UAE: curriculum, certifications from Google and Meta, fees, and what to look for before you enrol.",Best Digital Marketing Course in UAE: How to Choose the Right Training Institute,ar,https://www.nitaqacademy.com/ar/article/best-digital-marketing-course-uae,,34966,
https://www.nitaqacademy.com/ar/article/professional-digital-marketing-course-overview,200,https://www.nitaqacademy.com/ar/article/professional-digital-marketing-course-overview,Professional Digital Marketing Course Overview | NITAQ ACADEMY,"An overview of NITAQ ACADEMY's professional digital marketing course in Sharjah: modules, hands-on projects, industry certifications, and career outcomes.","Professional Digital Marketing Course in Sharjah, UAE",ar,https://www.nitaqacademy.com/ar/article/professional-digital-marketing-course-overview,,36439,
https://www.nitaqacademy.com/ar/article/how-to-choose-best-digital-marketing-institute-sharjah-dubai-uae,200,https://www.nitaqacademy.com/ar/article/how-to-choose-best-digital-marketing-institute-sharjah-dubai-uae,"Best Digital Marketing Institute in Sharjah, Dubai & UAE","Learn how to choose the best digital marketing institute in Sharjah, Dubai and the UAE. Compare SEO, Google Ads, Meta Ads, social media and AI marketing training.","How to Choose the Best Digital Marketing Institute in Sharjah, Dubai and the UAE",ar,https://www.nitaqacademy.com/ar/article/how-to-choose-best-digital-marketing-institute-sharjah-dubai-uae,,82918,
https://www.nitaqacademy.com/ar/article/why-hiring-digital-marketing-agency-transform-business,200,https://www.nitaqacademy.com/ar/article/why-hiring-digital-marketing-agency-transform-business,Why Hiring a Digital Marketing Agency Transforms Business | Nitaq Academy,"Discover why hiring a digital marketing agency in Sharjah & Dubai transforms businesses. Complete guide to SEO, Google Ads, Meta Ads, AI SEO & ROI.",Why Hiring a Digital Marketing Agency Can Transform Your Business,ar,https://www.nitaqacademy.com/ar/article/why-hiring-digital-marketing-agency-transform-business,,67587,
https://www.nitaqacademy.com/ar/article/complete-guide-best-tuition-classes-dubai-sharjah-uae,200,https://www.nitaqacademy.com/ar/article/complete-guide-best-tuition-classes-dubai-sharjah-uae,"Complete Guide to Best Tuition Classes in Dubai, Sharjah & UAE | Nitaq Academy","Find the best tuition classes in Dubai, Sharjah & UAE. Complete guide for IGCSE, A Levels, IB, CBSE, Maths, Science & Arabic tutors.","The Complete Guide to Finding the Best Tuition Classes in Dubai, Sharjah & UAE",ar,https://www.nitaqacademy.com/ar/article/complete-guide-best-tuition-classes-dubai-sharjah-uae,,71323,
https://www.nitaqacademy.com/ar/article/academic-excellence-tuition-dubai-sharjah-uae,200,https://www.nitaqacademy.com/ar/article/academic-excellence-tuition-dubai-sharjah-uae,"Top Academic Tutors & School Tuition in Dubai & Sharjah, UAE | Maths, Science, English & Arabic","Best school tuition & academic tutors in UAE. Expert Arabic Tutors Dubai, English Tuition Sharjah, Maths Tuition UAE, Science Tutors Dubai & Physics Chemistry Biology Tuition Sharjah.","Top Academic Tutors & School Tuition in Dubai & Sharjah, UAE: The Complete Guide to Maths, Science, English & Arabic Excellence",ar,https://www.nitaqacademy.com/ar/article/academic-excellence-tuition-dubai-sharjah-uae,,55605,
https://www.nitaqacademy.com/ar/article/best-tuition-classes-sharjah-dubai-guide,200,https://www.nitaqacademy.com/ar/article/best-tuition-classes-sharjah-dubai-guide,"Best Tuition Classes in Sharjah & Dubai: IGCSE, CBSE & IB Guide | Nitaq Academy","How to choose the best tuition classes in Sharjah and Dubai. Expert parent guide on IGCSE, CBSE, and IB coaching in Maths, Science, English and Arabic.","How to Choose the Best Tuition Classes in Sharjah & Dubai: A Parent's Guide to IGCSE, CBSE & IB Success",ar,https://www.nitaqacademy.com/ar/article/best-tuition-classes-sharjah-dubai-guide,,45502,
https://www.nitaqacademy.com/ar/article/comprehensive-subject-tuition-guide-sharjah-dubai-uae,200,https://www.nitaqacademy.com/ar/article/comprehensive-subject-tuition-guide-sharjah-dubai-uae,"The Complete UAE Subject Tuition Guide: Maths, Sciences, Commerce & Humanities | Sharjah & Dubai","Master core academic subjects with expert tuition in Sharjah & Dubai. In-depth guide to Maths, Physics, Chemistry, Biology, Business Studies, Accountancy, and Economics across IGCSE, CBSE, A-Level & IB in UAE.","The Complete UAE Subject Tuition Guide: Mastering Mathematics, Sciences, Commerce & Humanities in Sharjah & Dubai",ar,https://www.nitaqacademy.com/ar/article/comprehensive-subject-tuition-guide-sharjah-dubai-uae,,44076,
https://www.nitaqacademy.com/ar/article/digital-sat-preparation-guide-sharjah-dubai-uae,200,https://www.nitaqacademy.com/ar/article/digital-sat-preparation-guide-sharjah-dubai-uae,Digital SAT Preparation Guide: Score 1500+ in Sharjah & Dubai (2026) | Nitaq Academy,"Complete guide to Digital SAT preparation in Sharjah, Dubai & UAE. Master Math with Desmos, Reading & Writing adaptive modules, official study plans, and score 1500+.",Digital SAT Preparation in Sharjah & Dubai: The Ultimate Roadmap to Scoring 1500+ in 2026,ar,https://www.nitaqacademy.com/ar/article/digital-sat-preparation-guide-sharjah-dubai-uae,,62932,
https://www.nitaqacademy.com/ar/article/best-tuition-classes-near-me-sharjah,200,https://www.nitaqacademy.com/ar/article/best-tuition-classes-near-me-sharjah,"Best Tuition Classes Near Me in Sharjah (2026): Al Majaz, Al Nahda, Muwaileh | Nitaq Academy","Looking for the best tuition classes near me in Sharjah? Complete guide to top school tuition in Al Majaz, Al Nahda, Muwaileh, Al Qasimia, Al Taawun & Al Khan. Expert tutors for CBSE, IGCSE, IB & American curricula.",Best Tuition Classes Near Me in Sharjah (2026): The Complete Neighborhood Guide to Top Coaching Centers,ar,https://www.nitaqacademy.com/ar/article/best-tuition-classes-near-me-sharjah,,52352,
https://www.nitaqacademy.com/ar/article/free-digital-sat-diagnostic-assessment-guide,200,https://www.nitaqacademy.com/ar/article/free-digital-sat-diagnostic-assessment-guide,Free Digital SAT Diagnostic Assessment & Self-Evaluation Guide (2026) | Nitaq Academy,"Take Nitaq Academy's free Digital SAT diagnostic test with 24 adaptive questions, instant domain performance analytics, score prediction, and step-by-step answer explanations.",Free Digital SAT Diagnostic Assessment & Self-Evaluation Guide (2026): Master the Adaptive Test & Predict Your ScoreFree SATDiagnostic Assessment,ar,https://www.nitaqacademy.com/ar/article/free-digital-sat-diagnostic-assessment-guide,,84232,
https://www.nitaqacademy.com/ar/terms-and-conditions,200,https://www.nitaqacademy.com/ar/terms-and-conditions,Terms & Conditions | NITAQ ACADEMY Sharjah,"Read the terms and conditions for course enrollment and services at NITAQ ACADEMY, operated by Nitaq Supportive Education Services LLC.",Terms & Conditions,ar,https://www.nitaqacademy.com/ar/terms-and-conditions,,21869,
https://www.nitaqacademy.com/ar/privacy-policy,200,https://www.nitaqacademy.com/ar/privacy-policy,Privacy Policy | NITAQ ACADEMY Sharjah,"Our privacy policy explains how NITAQ ACADEMY collects, uses, and protects student information in compliance with UAE data protection standards.",Privacy Policy – NITAQ ACADEMY,ar,https://www.nitaqacademy.com/ar/privacy-policy,,31059,
https://www.nitaqacademy.com/ar/webinar/ai,200,https://www.nitaqacademy.com/ar/webinar/ai,Free AI Webinar | Live Online Session | NITAQ ACADEMY Sharjah,"Join NITAQ ACADEMY's free live AI webinar: discover practical AI tools for work and study, every Sunday 7:30 PM UAE time. Register your seat now.",How to Use AI to Improve Business Efficiency & Reduce Costs,ar,https://www.nitaqacademy.com/ar/webinar/ai,,36402,
https://www.nitaqacademy.com/ar/webinar/counselors,200,https://www.nitaqacademy.com/ar/webinar/counselors,School Counselors Orientation | NITAQ ACADEMY Sharjah,"An orientation session for school counselors: how NITAQ ACADEMY supports students with SAT, IELTS and academic programs in Sharjah. Register to attend.",Exclusive Orientation For School Counselors,ar,https://www.nitaqacademy.com/ar/webinar/counselors,,23710,
https://www.nitaqacademy.com/ar/sat/diagnostic,200,https://www.nitaqacademy.com/ar/sat/diagnostic,"NITAQ ACADEMY Sharjah | IELTS, ACCA, AI & Language Courses","Top-rated training academy in Sharjah offering IELTS, TOEFL, ACCA, CMA, AI & language courses.",Free SATDiagnostic Assessment,ar,https://www.nitaqacademy.com/ar/sat/diagnostic,,53433,
https://www.nitaqacademy.com/ar/sat/results,200,https://www.nitaqacademy.com/ar/sat/results,"NITAQ ACADEMY Sharjah | IELTS, ACCA, AI & Language Courses","Top-rated training academy in Sharjah offering IELTS, TOEFL, ACCA, CMA, AI & language courses.",,ar,https://www.nitaqacademy.com/ar/sat/results,,15842,
https://www.nitaqacademy.com/admin,200,https://www.nitaqacademy.com/admin,"NITAQ ACADEMY Sharjah | IELTS, ACCA, AI & Language Courses","Top-rated training academy in Sharjah offering IELTS, TOEFL, ACCA, CMA, AI & language courses.",,en,https://www.nitaqacademy.com/admin,,4476,
https://www.nitaqacademy.com/admin/certificates,200,https://www.nitaqacademy.com/admin/certificates,"NITAQ ACADEMY Sharjah | IELTS, ACCA, AI & Language Courses","Top-rated training academy in Sharjah offering IELTS, TOEFL, ACCA, CMA, AI & language courses.",,en,https://www.nitaqacademy.com/admin/certificates,,4541,
https://www.nitaqacademy.com/admin/dashboard,200,https://www.nitaqacademy.com/admin/dashboard,"NITAQ ACADEMY Sharjah | IELTS, ACCA, AI & Language Courses","Top-rated training academy in Sharjah offering IELTS, TOEFL, ACCA, CMA, AI & language courses.",,en,https://www.nitaqacademy.com/admin/dashboard,,4526,
https://www.nitaqacademy.com/admin/login,200,https://www.nitaqacademy.com/admin/login,"NITAQ ACADEMY Sharjah | IELTS, ACCA, AI & Language Courses","Top-rated training academy in Sharjah offering IELTS, TOEFL, ACCA, CMA, AI & language courses.",Sign In,en,https://www.nitaqacademy.com/admin/login,,5743,
https://www.nitaqacademy.com/admin/questions,200,https://www.nitaqacademy.com/admin/questions,"NITAQ ACADEMY Sharjah | IELTS, ACCA, AI & Language Courses","Top-rated training academy in Sharjah offering IELTS, TOEFL, ACCA, CMA, AI & language courses.",,en,https://www.nitaqacademy.com/admin/questions,,4526,
https://www.nitaqacademy.com/admin/sat/questions,200,https://www.nitaqacademy.com/admin/sat/questions,"NITAQ ACADEMY Sharjah | IELTS, ACCA, AI & Language Courses","Top-rated training academy in Sharjah offering IELTS, TOEFL, ACCA, CMA, AI & language courses.",,en,https://www.nitaqacademy.com/admin/sat/questions,,4546,
https://www.nitaqacademy.com/admin/sat/students,200,https://www.nitaqacademy.com/admin/sat/students,"NITAQ ACADEMY Sharjah | IELTS, ACCA, AI & Language Courses","Top-rated training academy in Sharjah offering IELTS, TOEFL, ACCA, CMA, AI & language courses.",,en,https://www.nitaqacademy.com/admin/sat/students,,4541,
https://www.nitaqacademy.com/admin/students,200,https://www.nitaqacademy.com/admin/students,"NITAQ ACADEMY Sharjah | IELTS, ACCA, AI & Language Courses","Top-rated training academy in Sharjah offering IELTS, TOEFL, ACCA, CMA, AI & language courses.",,en,https://www.nitaqacademy.com/admin/students,,4521,
https://www.nitaqacademy.com/ar/enquiry,200,https://www.nitaqacademy.com/ar/enquiry,Enquire Now | NITAQ ACADEMY Sharjah,"Get in touch with NITAQ ACADEMY Sharjah for course details, batch schedules, and fee structures. Enquire now to start your learning journey.",Enquire Now,ar,https://www.nitaqacademy.com/ar/enquiry,,23641,
https://www.nitaqacademy.com/ar/ig/2026-03-29,200,https://www.nitaqacademy.com/ar/ig/2026-03-29,Land Your Next Job With A Better Resume | NITAQ ACADEMY,Get the best AI prompts to craft a winning resume and land your dream job.,LAND YOUR NEXT JOB WITH A BETTER RESUME 💼,ar,https://www.nitaqacademy.com/ar/ig/2026-03-29,,24239,
https://www.nitaqacademy.com/ar/verify,200,https://www.nitaqacademy.com/ar/verify,"NITAQ ACADEMY Sharjah | IELTS, ACCA, AI & Language Courses","Top-rated training academy in Sharjah offering IELTS, TOEFL, ACCA, CMA, AI & language courses.",Verify Certificate Authenticity,ar,https://www.nitaqacademy.com/ar/verify,,15248,
https://www.nitaqacademy.com/ar/verify-certificate,200,https://www.nitaqacademy.com/ar/verify-certificate,"NITAQ ACADEMY Sharjah | IELTS, ACCA, AI & Language Courses","Top-rated training academy in Sharjah offering IELTS, TOEFL, ACCA, CMA, AI & language courses.",Verify Certificate Authenticity,ar,https://www.nitaqacademy.com/ar/verify-certificate,,15308,
https://www.nitaqacademy.com/ar/webinar/ai/thank-you,200,https://www.nitaqacademy.com/ar/webinar/ai/thank-you,Registration Confirmed | AI Webinar | NITAQ ACADEMY,Your seat for the NITAQ ACADEMY AI webinar is confirmed. Check your email for joining details.,"You're in, there!",ar,https://www.nitaqacademy.com/ar/webinar/ai/thank-you,,17853,
https://www.nitaqacademy.com/ar/webinar/counselors/thank-you,200,https://www.nitaqacademy.com/ar/webinar/counselors/thank-you,Registration Confirmed | Counselors Orientation | NITAQ ACADEMY,Your registration for the NITAQ ACADEMY counselors orientation is confirmed. Check your email for details.,"Thank you, there!",ar,https://www.nitaqacademy.com/ar/webinar/counselors/thank-you,,15618,
https://www.nitaqacademy.com/enquiry,200,https://www.nitaqacademy.com/enquiry,Enquire Now | NITAQ ACADEMY Sharjah,"Get in touch with NITAQ ACADEMY Sharjah for course details, batch schedules, and fee structures. Enquire now to start your learning journey.",Enquire Now,en,https://www.nitaqacademy.com/enquiry,,23220,
https://www.nitaqacademy.com/ig/2026-03-29,200,https://www.nitaqacademy.com/ig/2026-03-29,Land Your Next Job With A Better Resume | NITAQ ACADEMY,Get the best AI prompts to craft a winning resume and land your dream job.,LAND YOUR NEXT JOB WITH A BETTER RESUME 💼,en,https://www.nitaqacademy.com/ig/2026-03-29,,23812,
https://www.nitaqacademy.com/sat/diagnostic/math-report,404,https://www.nitaqacademy.com/sat/diagnostic/math-report,,,,en,,,2825,
https://www.nitaqacademy.com/sat/diagnostic/quiz,404,https://www.nitaqacademy.com/sat/diagnostic/quiz,,,,en,,,2825,
https://www.nitaqacademy.com/sat/diagnostic/results,404,https://www.nitaqacademy.com/sat/diagnostic/results,,,,en,,,2825,
https://www.nitaqacademy.com/verify,200,https://www.nitaqacademy.com/verify,"NITAQ ACADEMY Sharjah | IELTS, ACCA, AI & Language Courses","Top-rated training academy in Sharjah offering IELTS, TOEFL, ACCA, CMA, AI & language courses.",Verify Certificate Authenticity,en,https://www.nitaqacademy.com/verify,,14923,
https://www.nitaqacademy.com/verify-certificate,200,https://www.nitaqacademy.com/verify-certificate,"NITAQ ACADEMY Sharjah | IELTS, ACCA, AI & Language Courses","Top-rated training academy in Sharjah offering IELTS, TOEFL, ACCA, CMA, AI & language courses.",Verify Certificate Authenticity,en,https://www.nitaqacademy.com/verify-certificate,,14983,
https://www.nitaqacademy.com/webinar/ai/thank-you,200,https://www.nitaqacademy.com/webinar/ai/thank-you,Registration Confirmed | AI Webinar | NITAQ ACADEMY,Your seat for the NITAQ ACADEMY AI webinar is confirmed. Check your email for joining details.,"You're in, there!",en,https://www.nitaqacademy.com/webinar/ai/thank-you,,17526,
https://www.nitaqacademy.com/webinar/counselors/thank-you,200,https://www.nitaqacademy.com/webinar/counselors/thank-you,Registration Confirmed | Counselors Orientation | NITAQ ACADEMY,Your registration for the NITAQ ACADEMY counselors orientation is confirmed. Check your email for details.,"Thank you, there!",en,https://www.nitaqacademy.com/webinar/counselors/thank-you,,15291,
